pdbid,model,rank,seed,PAE1,PAE2,PAE3,PAE_interface,dimer_proba_pae3,dimer_proba_pae4,dimer_proba_con3,dimer_proba_pae4_con3,dimer_proba
6xqr,ptm_model_3,1,000,4.4,4.2,4.1,2.05,0.83378,0.7949,0.14627,0.47901,0.83378
6yvk,ptm_model_3,3,000,4.2,3.8,3.7,2.5,0.85307,0.76459,0.97059,0.93342,0.97059
6z01,ptm_model_4,4,000,27.8,27.7,27.7,25.77,9e-04,0.00035,0.06037,0.00102,0.06037
6zk5,ptm_model_4,2,000,5.8,5.3,5.2,2.41,0.77038,0.77089,0.80936,0.82575,0.82575
7aal,ptm_model_2,2,000,9.6,9.3,9.3,7.05,0.42835,0.35232,1,0.99966,1
7agz,ptm_model_4,3,000,5.4,5,4.9,4.66,0.7892,0.5817,0.98773,0.92765,0.98773
7ahf,ptm_model_3,2,000,19.4,19,18.8,14.47,0.02271,0.02867,0.03951,0.01568,0.03951
7ahr,ptm_model_5,1,000,6.7,6.2,6.1,2.99,0.70711,0.72821,0.19663,0.4651,0.72821
7aik,ptm_model_5,1,000,4.4,4.3,4.2,2.7,0.82865,0.75016,0.9995,0.99187,0.9995
7als,ptm_model_2,1,000,9.3,8.3,8.1,5.78,0.53746,0.4725,0.06563,0.17474,0.53746
7arz,ptm_model_1,5,000,6.1,5.8,5.6,2.42,0.74349,0.7702,0.99983,0.99575,0.99983
7awv,ptm_model_3,1,000,4.3,3.7,3.6,1.86,0.85759,0.8068,0.84727,0.86364,0.86364
7ayc,ptm_model_2,4,000,8,7.2,7,1.91,0.63467,0.80372,0.59287,0.75207,0.80372
7ayw,ptm_model_4,1,000,17,16.4,16.2,12.09,0.05671,0.0699,0.06563,0.03837,0.0699
7b0m,ptm_model_4,3,000,5.2,4.8,4.6,2.99,0.80687,0.72821,0.97528,0.93133,0.97528
7b4q,ptm_model_5,1,000,5.2,5,4.7,1.56,0.80111,0.8245,0.48251,0.72338,0.8245
7b7q,ptm_model_5,1,000,6.1,6,6,3.09,0.71462,0.72037,1,0.99942,1
7b9p,ptm_model_4,2,000,14,13.7,13.5,4.6,0.13893,0.58742,0.99339,0.94806,0.99339
7bia,ptm_model_4,3,000,3.6,3.5,3.4,1.77,0.86629,0.81225,0.71317,0.80782,0.86629
7d54,ptm_model_3,3,000,23.6,23.5,23.4,17.7,0.0043,0.00823,0.02567,0.0053,0.02567
7da9,ptm_model_5,1,000,7.5,7.2,7.1,4.94,0.62616,0.55472,0.10709,0.26094,0.62616
7dcb,ptm_model_5,3,000,7.5,4.3,4.1,7.04,0.83378,0.35322,0.99395,0.90947,0.99395
7dck,ptm_model_4,1,000,5.2,4.8,4.8,2.92,0.79522,0.73362,0.19663,0.46971,0.79522
7dkm,ptm_model_2,3,000,6.9,6.1,6,2.31,0.71462,0.77775,0.99981,0.99567,0.99981
7dnr,ptm_model_3,1,000,4.8,4.5,4.3,3.7,0.82339,0.66968,0.99211,0.95461,0.99211
7dnu,ptm_model_4,2,000,15.8,14.4,14.1,11.41,0.1147,0.08939,0.03951,0.03454,0.1147
7dut,ptm_model_4,1,000,19.7,19.7,19.7,17,0.01645,0.01081,0.02799,0.00668,0.02799
7dzz,ptm_model_3,1,000,7.9,6.2,6,2.61,0.71462,0.75672,0.43824,0.64272,0.75672
7e3q,ptm_model_1,5,000,6.5,4.1,4,4.03,0.83878,0.64041,0.87877,0.80479,0.87877
7e5q,ptm_model_3,2,000,5.5,5.1,4.8,3.64,0.79522,0.67487,0.99446,0.96284,0.99446
7eba,ptm_model_4,1,000,6.8,6.3,6.2,1.82,0.69948,0.80924,0.14627,0.49421,0.80924
7ebo,ptm_model_3,2,000,24.1,24.3,50,18.46,0,0.00612,0.01811,0.00358,0.01811
7edc,ptm_model_1,5,000,8,5.9,5.8,2.62,0.7293,0.756,0.85845,0.84462,0.85845
7epq,ptm_model_2,3,000,8.9,8.1,8.1,4.25,0.53746,0.62028,0.57118,0.60888,0.62028
7erl,ptm_model_3,1,000,25.1,25.1,25,17.66,0,0,0,0,0
7eru,ptm_model_3,2,000,5.2,4.9,4.8,4.08,0.79522,0.63588,0.99997,0.99748,0.99997
7ets,ptm_model_5,1,000,6.2,5.6,5.5,2.98,0.7504,0.72899,0.94177,0.89359,0.94177
7evu,ptm_model_5,2,000,7.6,6.7,6.6,2.82,0.66787,0.74122,0.99645,0.97616,0.99645
7ezy,ptm_model_3,3,000,3.9,3.4,3.4,1.96,0.86629,0.8006,0.3532,0.63792,0.86629
7f0h,ptm_model_5,2,000,19.5,19.5,50,16.89,0,0.01128,0.01811,0.00541,0.01811
7f1n,ptm_model_3,2,000,21.2,21.2,21.1,14.3,0.00992,0.03059,0.03052,0.01421,0.03059
7f1y,ptm_model_5,2,000,6.6,6.2,6.1,3.47,0.70711,0.68935,0.87877,0.82701,0.87877
7f42,ptm_model_4,3,000,5.1,4.5,4.2,2.87,0.82865,0.73744,0.41642,0.61544,0.82865
7f4b,ptm_model_3,2,000,4.8,4.8,4.7,2.52,0.80111,0.76317,0.85845,0.84806,0.85845
7f6w,ptm_model_3,1,000,7,6.4,6.2,3.82,0.69948,0.65917,1,0.99929,1
7fco,ptm_model_5,1,000,9.4,8.8,8.5,3.1,0.50097,0.71958,0.18293,0.44593,0.71958
7ff0,ptm_model_1,4,000,6.1,5.1,5,2.75,0.78306,0.74646,0.87877,0.85259,0.87877
7fg9,ptm_model_5,2,000,7.9,7.6,7.6,2.26,0.58248,0.78113,0.59287,0.73441,0.78113
7fgp,ptm_model_1,5,000,7.2,6.3,6.1,3.08,0.70711,0.72116,0.59287,0.69003,0.72116
7fh3,ptm_model_4,3,000,6.9,6.7,6.6,1.92,0.66787,0.8031,0.71317,0.80158,0.8031
7jr5,ptm_model_4,3,000,14.9,13.8,13.5,7.11,0.13893,0.34696,0.04304,0.10479,0.34696
7k1a,ptm_model_5,1,000,4.8,4.1,4.1,2.43,0.83378,0.7695,0.98256,0.95017,0.98256
7kxs,ptm_model_3,2,000,11.4,10.7,10.5,2.69,0.32578,0.75089,0.10709,0.3903,0.75089
7l78,ptm_model_2,4,000,5.7,5.5,5.3,2.48,0.76385,0.766,0.71317,0.77697,0.77697
7lat,ptm_model_4,1,000,5.4,5.2,5.1,2.73,0.77678,0.74794,1,0.99993,1
7lml,ptm_model_5,1,000,12.6,12,11.7,2.67,0.23756,0.75236,0.05551,0.30443,0.75236
7lta,ptm_model_2,4,000,4.1,4,3.9,2.01,0.84366,0.79745,0.15776,0.49369,0.84366
7ly6,ptm_model_3,2,000,6.8,5.1,4.9,4.39,0.7892,0.60725,1,0.99993,1
7mcr,ptm_model_2,1,000,24,24,24,50,0,0,0,0,0
7mjc,ptm_model_1,3,000,6.7,6.6,6.5,3.96,0.67593,0.64672,0.99675,0.9695,0.99675
7mo6,ptm_model_4,5,000,19.1,18.2,17.9,3.26,0.03128,0.70673,0.87877,0.83482,0.87877
7mqp,ptm_model_3,4,000,25.9,26,26,19.29,0.00167,0.00443,0.02799,0.00366,0.02799
7mu0,ptm_model_4,4,000,29,29,50,22.73,0,0.00115,0.01811,0.00116,0.01811
7mx6,ptm_model_5,1,000,4.8,4.5,4.4,3.04,0.81801,0.72431,0.98773,0.95164,0.98773
7n53,ptm_model_4,2,000,6.9,6,5.8,2.33,0.7293,0.77639,0.6142,0.74016,0.77639
7n79,ptm_model_4,1,000,6.5,5.7,5.6,3.31,0.74349,0.70264,0.96192,0.90735,0.96192
7n7g,ptm_model_3,2,000,3.2,3.2,3,2.54,0.88234,0.76175,0.9994,0.99143,0.9994
7n8p,ptm_model_3,3,000,8.8,6.5,6.5,4.73,0.67593,0.57499,0.84727,0.74778,0.84727
7ncy,ptm_model_4,1,000,8.8,7.2,7.1,6.25,0.62616,0.42686,0.06037,0.15124,0.62616
7nwv,ptm_model_5,1,000,16.8,16.8,50,11.45,0,0.08812,0.01811,0.02242,0.08812
7o5r,ptm_model_4,1,000,5.2,5.1,5,2.52,0.78306,0.76317,0.87877,0.86007,0.87877
7o8c,ptm_model_3,1,000,15.1,14.2,12.2,13.97,0.20605,0.03467,0.08407,0.02728,0.20605
7o9h,ptm_model_4,1,000,13.2,11.9,11.8,8.99,0.231,0.2025,0.10709,0.10791,0.231
7oey,ptm_model_3,1,000,23.6,23.6,23.6,50,0.004,0,0.02799,0,0.02799
7ol2,ptm_model_5,1,000,23.5,23.2,23.1,50,0,0,0,0,0
7oml,ptm_model_2,2,000,10.6,10.2,10.1,2.16,0.35868,0.78777,0.6351,0.75767,0.78777
7ou8,ptm_model_2,3,000,13.1,13,12.7,1.97,0.17774,0.79998,0.19663,0.53244,0.79998
7ouu,ptm_model_3,1,000,19.1,18.4,18.3,13.02,0,0,0,0,0
7ovv,ptm_model_5,1,000,5.8,4.7,4.2,2.29,0.82865,0.77911,0.99922,0.99073,0.99922
7p8o,ptm_model_2,4,000,5,4.8,4.6,2,0.80687,0.79808,0.98877,0.96453,0.98877
7pcg,ptm_model_5,2,000,5.4,4.7,4.6,2.96,0.80687,0.73054,1,0.99999,1
7pcr,ptm_model_3,1,000,10,9.9,9.8,7.01,0.38428,0.35591,0.90451,0.68416,0.90451
7pka,ptm_model_4,3,000,4.2,3.4,3.2,1.83,0.87454,0.80863,0.82274,0.85288,0.87454
7poe,ptm_model_4,2,000,6.8,6.5,6.4,2.17,0.68389,0.78711,0.84727,0.85369,0.85369
7pps,ptm_model_5,2,000,4.3,4.2,4.1,2.8,0.83378,0.74273,0.99975,0.99431,0.99975
7pr2,ptm_model_1,1,000,6.7,6.5,6.4,5.03,0.68389,0.54598,0.03951,0.16203,0.68389
7pvo,ptm_model_3,1,000,5.5,5.4,5.2,2.85,0.77038,0.73896,0.99446,0.96963,0.99446
7pvz,ptm_model_1,1,000,18.5,18,17.7,50,0.03357,0,0.02567,0,0.03357
7pwe,ptm_model_5,1,000,5.9,5.5,5.4,5.96,0.75719,0.45492,0.87877,0.71219,0.87877
7pxq,ptm_model_5,2,000,10.6,9.9,9.7,5.47,0.39297,0.50291,0.99971,0.9874,0.99971
7q0q,ptm_model_1,5,000,6.1,5.3,5.2,4.26,0.77038,0.61936,0.43824,0.53763,0.77038
7q17,ptm_model_5,2,000,7.6,6.2,5.8,2.34,0.7293,0.77571,0.09886,0.40091,0.77571
7q30,ptm_model_1,4,000,4.3,4.3,4.2,2.45,0.82865,0.7681,0.94647,0.91022,0.94647
7q4h,ptm_model_5,1,000,4.4,4.3,4.1,2.14,0.83378,0.78908,0.71317,0.79217,0.83378
7qa1,ptm_model_5,1,000,26.9,26.5,26.5,22.15,0.00139,0.00144,0.06037,0.00265,0.06037
7qcn,ptm_model_4,1,000,13,11.9,11.4,8.97,0.258,0.20377,0.89652,0.55142,0.89652
7qd0,ptm_model_1,1,000,24.8,26.1,12.1,15.25,0.21209,0.02127,0.01976,0.00873,0.21209
7qfo,ptm_model_4,1,000,6.5,6,5.7,3.9,0.73646,0.65208,0.97923,0.9215,0.97923
7qga,ptm_model_2,4,000,12.7,12.7,12.5,3.51,0.18868,0.68597,0.41642,0.57468,0.68597
7qlg,ptm_model_3,1,000,5,4.8,4.7,2.34,0.80111,0.77571,0.52706,0.70086,0.80111
7qug,ptm_model_3,2,000,5.4,5.1,5,2.71,0.78306,0.74942,0.99138,0.96302,0.99138
7qul,ptm_model_1,5,000,6.2,6,5.8,2.33,0.7293,0.77639,0.96794,0.93322,0.96794
7qxo,ptm_model_3,1,000,6.8,6.7,6.6,4.43,0.66787,0.6035,0.90451,0.81081,0.90451
7r09,ptm_model_3,1,000,6.4,5.9,5.8,4.33,0.7293,0.61286,0.80936,0.74039,0.80936
7r3g,ptm_model_4,2,000,5,4.7,4.6,3.17,0.80687,0.714,0.94647,0.89339,0.94647
7r6g,ptm_model_4,2,000,4.7,4.7,4.5,2.52,0.81251,0.76317,0.24232,0.53222,0.81251
7r7m,ptm_model_4,3,000,5.7,4.3,4.1,1.93,0.83378,0.80248,0.97734,0.94959,0.97734
7r9n,ptm_model_4,3,000,23.8,24,50,14.6,0,0.02728,0.01811,0.00987,0.02728
7rgf,ptm_model_3,2,000,14.3,13.9,13.7,13.19,0.13041,0.04652,0.69459,0.16347,0.69459
7rm6,ptm_model_2,2,000,6.7,6.4,6.2,3.27,0.69948,0.70591,0.92524,0.87064,0.92524
7rm9,ptm_model_3,1,000,4.9,4.7,4.6,2.18,0.80687,0.78645,0.88795,0.87588,0.88795
7rw3,ptm_model_3,1,000,4.6,4.5,4.4,3.85,0.81801,0.65652,0.99993,0.99617,0.99993
7rxf,ptm_model_5,2,000,4.4,3.3,3.1,1.57,0.87849,0.82393,0.78031,0.84311,0.87849
7s1a,ptm_model_1,5,000,3.8,3.5,3.3,2.97,0.87047,0.72976,0.99998,0.99829,0.99998
7s2h,ptm_model_3,1,000,7.7,7.6,7.4,4.34,0.60015,0.61192,0.69459,0.66996,0.69459
7s3f,ptm_model_3,3,000,7,5.7,5.4,3.95,0.75719,0.64761,0.99493,0.96161,0.99493
7s6e,ptm_model_3,3,000,25.8,25.9,25.8,19.17,0.00179,0.00464,0.02353,0.00343,0.02353
7s8k,ptm_model_4,5,000,28,27.9,27.9,23.89,0.00083,0.00073,0.03052,0.00114,0.03052
7skq,ptm_model_1,5,000,28.2,28.1,28.1,21.33,0.00077,0.00199,0.03327,0.00235,0.03327
7spn,ptm_model_3,2,000,6.6,6.4,6.2,1.88,0.69948,0.80557,0.27655,0.59742,0.80557
7spq,ptm_model_4,3,000,5.9,5.3,5.1,2.56,0.77678,0.76032,0.9866,0.95514,0.9866
7stq,ptm_model_2,4,000,6.7,6.6,6.3,3.94,0.69174,0.64851,0.99958,0.98978,0.99958
7stt,ptm_model_3,2,000,22.5,22.1,21.9,20.19,0.00743,0.00311,0.03052,0.00303,0.03052
7t1d,ptm_model_4,2,000,21.5,21.1,21.1,18.3,0.00992,0.00652,0.01976,0.00392,0.01976
7t58,ptm_model_3,1,000,5.4,3.5,3.5,2.22,0.862,0.7838,0.79522,0.82604,0.862
7t7j,ptm_model_4,3,000,4.6,4.3,4.1,2.57,0.83378,0.7596,0.99395,0.97039,0.99395
7t88,ptm_model_3,1,000,7.4,7.1,7,1.73,0.63467,0.81463,0.57118,0.75196,0.81463
7t9f,ptm_model_1,5,000,9.2,8.4,8.3,4.39,0.51924,0.60725,0.93118,0.84006,0.93118
7tc5,ptm_model_5,1,000,5.4,5.3,5,3.42,0.78306,0.69354,0.05551,0.26412,0.78306
7tcm,ptm_model_1,5,000,5.5,5.3,5.2,2.48,0.77038,0.766,0.99999,0.99903,0.99999
7thi,ptm_model_1,3,000,6.3,5.5,5.5,2.24,0.7504,0.78247,0.25907,0.5625,0.78247
7tmg,ptm_model_3,3,000,4.5,3.4,3.4,2.77,0.86629,0.74497,0.99888,0.98729,0.99888
7tne,ptm_model_3,1,000,8.3,7.3,7.2,9.22,0.61756,0.18831,0.52706,0.27524,0.61756
7trw,ptm_model_4,1,000,6.2,5.5,4.9,2.39,0.7892,0.77228,0.71317,0.78107,0.7892
7tzb,ptm_model_1,5,000,8.7,7.7,7.6,3.85,0.58248,0.65652,0.99997,0.99774,0.99997
7u2r,ptm_model_5,3,000,5.1,5,5,2.72,0.78306,0.74868,0.54922,0.68978,0.78306
7u34,ptm_model_5,1,000,5.4,5,4.8,3.9,0.79522,0.65208,1,0.99998,1
7u4q,ptm_model_4,2,000,20.8,20,17.4,13.36,0.03732,0.04365,0.03627,0.01995,0.04365
7u9i,ptm_model_3,1,000,6.7,5.9,5.9,4.77,0.72202,0.57115,0.96505,0.87476,0.96505
7uct,ptm_model_5,1,000,14.2,13.8,13.6,10.87,0.13461,0.10822,0.03052,0.03448,0.13461
7uf0,ptm_model_4,4,000,4.7,4.2,4,2.64,0.83878,0.75455,0.87877,0.8562,0.87877
7ufb,ptm_model_5,1,000,24,23.8,50,50,0,0,0.01811,0,0.01811
7ug8,ptm_model_5,4,000,4.8,4.5,4.4,3.46,0.81801,0.69019,0.99809,0.97978,0.99809
7uoc,ptm_model_5,1,000,12.8,12.5,12.3,8.63,0,0,0,0,0
7uoi,ptm_model_3,1,000,6.9,6.7,6.5,2.66,0.67593,0.75309,0.99751,0.98106,0.99751
7uvd,ptm_model_3,1,000,9.2,9.1,8.9,6.33,0.46447,0.41919,0.87877,0.69173,0.87877
7ux7,ptm_model_5,2,000,7,6.1,5.8,3.1,0.7293,0.71958,1,0.99969,1
7v0d,ptm_model_4,3,000,8.3,8,7.8,2.79,0.56459,0.74348,0.37383,0.59749,0.74348
7v4s,ptm_model_5,3,000,4.4,4.1,3.9,2.19,0.84366,0.78579,0.33311,0.61237,0.84366
7v6j,ptm_model_5,2,000,5.7,5.6,5.4,2.72,0.75719,0.74868,1,0.99954,1
7v8h,ptm_model_2,1,000,23.5,23.4,23.3,21.04,0,0,0,0,0
7v8o,ptm_model_5,1,000,24.9,24.9,24.8,50,0,0,0,0,0
7va8,ptm_model_5,2,000,25.7,25.5,25.5,21.13,0.002,0.00215,0.01976,0.00186,0.01976
7vcp,ptm_model_3,1,000,8.1,7.6,7.4,2.08,0.60015,0.79297,0.15776,0.48907,0.79297
7vem,ptm_model_2,4,000,5.9,5.6,5.4,2.19,0.75719,0.78579,0.84727,0.85303,0.85303
7vf6,ptm_model_1,4,000,7.2,6.1,6.1,3.53,0.70711,0.68428,0.98403,0.93734,0.98403
7vfk,ptm_model_1,5,000,15.4,14.9,15,3.51,0.08528,0.68597,0.88795,0.83233,0.88795
7vgl,ptm_model_5,1,000,6.8,5.3,5,2.24,0.78306,0.78247,0.65551,0.7626,0.78306
7vid,ptm_model_3,1,000,6.6,6.5,6.4,1.95,0.68389,0.80123,0.52706,0.72202,0.80123
7vkw,ptm_model_3,1,000,8.5,8.2,8,5.32,0.54654,0.51763,0.43824,0.46766,0.54654
7vm0,ptm_model_4,3,000,27.2,27.4,50,22.19,0,0.00142,0.01811,0.00134,0.01811
7vo5,ptm_model_4,3,000,10.3,8,7.9,2.91,0.55558,0.73439,0.41642,0.61293,0.73439
7vo8,ptm_model_3,1,000,7.6,6.7,6.4,3.99,0.68389,0.64402,0.78031,0.73914,0.78031
7vqk,ptm_model_5,1,000,3.6,3.4,3.2,2.39,0.87454,0.77228,0.99999,0.9989,0.99999
7vr2,ptm_model_3,1,000,6.4,6.2,5.9,2.13,0.72202,0.78973,0.74822,0.808,0.808
7vt0,ptm_model_3,1,000,26.6,26.4,26.4,26.39,0,0,0,0,0
7vt9,ptm_model_2,1,000,8.4,8.1,7.8,4.58,0.56459,0.58932,0.82274,0.73693,0.82274
7vua,ptm_model_2,4,000,13.2,13,13,3.17,0.16227,0.714,0.87877,0.83807,0.87877
7vwt,ptm_model_1,3,000,25.8,25.8,23.5,20.01,0.00415,0.00334,0.01976,0.0025,0.01976
7vx0,ptm_model_3,2,000,11.9,11.5,11.4,8.77,0.258,0.21681,0.27655,0.19349,0.27655
7vyu,ptm_model_5,1,000,5,4.4,4.3,3.58,0.82339,0.68002,0.99958,0.9907,0.99958
7vzo,ptm_model_5,1,000,6.5,5.9,5.6,2.92,0.74349,0.73362,0.0912,0.3536,0.74349
7w6d,ptm_model_3,2,000,4,3.5,3.3,2.69,0.87047,0.75089,0.78031,0.79985,0.87047
7w93,ptm_model_2,4,000,8.5,8,7.8,2.64,0.56459,0.75455,0.97303,0.93411,0.97303
7waa,ptm_model_4,2,000,20.7,20.7,20.5,16.34,0.01233,0.01396,0.04687,0.01058,0.04687
7wbc,ptm_model_5,1,000,5,4.3,4.1,1.97,0.83378,0.79998,0.89652,0.88672,0.89652
7wbt,ptm_model_5,1,000,27.4,27.3,27.3,26.84,0.00104,0.00023,0.01976,0.00041,0.01976
7wdd,ptm_model_3,2,000,8.6,8.4,8.2,3.3,0.52836,0.70346,0.12538,0.37496,0.70346
7wet,ptm_model_4,1,000,4.7,4.2,4.1,4.54,0.83378,0.59312,0.6142,0.61356,0.83378
7wgk,ptm_model_2,3,000,6.1,5.2,5,3.1,0.78306,0.71958,0.6142,0.69913,0.78306
7wh0,ptm_model_3,1,000,14.9,14.7,14.5,14.1,0.10067,0.03301,0.02799,0.01428,0.10067
7whp,ptm_model_3,1,000,28.5,28.5,27.8,27.91,0,0,0,0,0
7wjl,ptm_model_1,5,000,8.8,8.4,8.1,2.69,0.53746,0.75089,0.65551,0.74039,0.75089
7wm7,ptm_model_5,5,000,6.8,6.4,6.2,2.91,0.69948,0.73439,0.96794,0.923,0.96794
7wn9,ptm_model_1,5,000,7,6.6,6.4,2.99,0.68389,0.72821,0.99971,0.99342,0.99971
7wno,ptm_model_3,2,000,6.2,6,5.8,4.1,0.7293,0.63406,1,1,1
7wqy,ptm_model_2,3,000,23.6,23.8,50,17.11,0,0.01036,0.01811,0.00511,0.01811
7wuy,ptm_model_2,3,000,8.4,7.9,7.7,3.94,0.57356,0.64851,1,0.99927,1
7ww2,ptm_model_3,2,000,4.9,4.7,4.7,2.76,0.80111,0.74572,0.99703,0.97864,0.99703
7wze,ptm_model_3,1,000,7.4,4.9,4.8,4.18,0.79522,0.62674,0.99792,0.97447,0.99792
7x0c,ptm_model_3,1,000,9.5,7.8,7.5,3.25,0.59134,0.70754,0.69459,0.73032,0.73032
7x0q,ptm_model_2,2,000,9.1,9,8.7,4.4,0.4827,0.60631,0.3532,0.48026,0.60631
7x1r,ptm_model_1,5,000,7.4,7.1,7,3.28,0.63467,0.7051,0.99988,0.9956,0.99988
7x53,ptm_model_5,1,000,15.5,15.3,15.1,12.77,0.08247,0.05441,0.06563,0.03226,0.08247
7x73,ptm_model_4,2,000,7.5,6.5,6.3,2.61,0.69174,0.75672,0.41642,0.63158,0.75672
7x7i,ptm_model_5,2,000,7.4,6.6,6.4,3.23,0.68389,0.70916,0.99935,0.98923,0.99935
7x7w,ptm_model_5,2,000,4.2,4.2,4.1,2.16,0.83378,0.78777,0.84727,0.85402,0.85402
7x9x,ptm_model_5,1,000,3.8,3.3,3.3,1.65,0.87047,0.81933,0.57118,0.75589,0.87047
7xao,ptm_model_1,1,000,23.9,23.7,50,50,0,0,0,0,0
7xdu,ptm_model_4,3,000,5.2,5,4.9,1.85,0.7892,0.80741,0.99278,0.97297,0.99278
7xhh,ptm_model_3,4,000,25.3,25.6,50,19.74,0,0.00371,0.01811,0.00255,0.01811
7xll,ptm_model_3,2,000,4.7,4.4,4.2,3.25,0.82865,0.70754,0.99914,0.98751,0.99914
7xpo,ptm_model_3,1,000,6.1,5.5,5.4,1.51,0.75719,0.82733,0.37383,0.67558,0.82733
7xqn,ptm_model_3,1,000,4.9,4.7,4.6,2.5,0.80687,0.76459,0.88795,0.86638,0.88795
7xuj,ptm_model_5,2,000,14.8,13.1,12.9,8.56,0.16731,0.23114,0.99211,0.85329,0.99211
7xux,ptm_model_3,1,000,8.7,8.5,8.1,2.12,0.53746,0.79038,0.25907,0.57029,0.79038
7xv2,ptm_model_3,1,000,13.5,12.9,12.6,9.78,0.18315,0.15697,1,0.99826,1
7y3p,ptm_model_3,1,000,7.8,7.4,7.1,1.98,0.62616,0.79935,0.54922,0.73003,0.79935
7y3u,ptm_model_5,1,000,22.7,22.5,22.4,20.17,0.00619,0.00314,0.01976,0.00239,0.01976
7y4o,ptm_model_3,1,000,10.7,9.8,9.5,5.11,0.41054,0.53818,0.29474,0.39859,0.53818
7y6o,ptm_model_5,2,000,19,18.4,3.7,2.32,0.85307,0.77707,0.3532,0.61565,0.85307
7y73,ptm_model_5,2,000,4.6,3.7,3.3,1.89,0.87047,0.80496,0.25907,0.58513,0.87047
7y7u,ptm_model_5,2,000,6,5.7,5.6,6.95,0.74349,0.36133,0.15776,0.20887,0.74349
7y8k,ptm_model_5,2,000,5.9,5.5,5.4,2.32,0.75719,0.77707,0.99996,0.99808,0.99996
7y94,ptm_model_3,1,000,4.4,3.6,3.5,2.27,0.862,0.78046,0.88795,0.87327,0.88795
7y9a,ptm_model_5,2,000,10.5,9.6,9.3,2.62,0.42835,0.756,0.14627,0.44158,0.756
7ybd,ptm_model_3,1,000,8.1,7.6,7.2,4.57,0.61756,0.59027,0.54922,0.57684,0.61756
7yea,ptm_model_5,1,000,24.5,24.3,24.3,20.31,0.0031,0.00297,0.02353,0.00254,0.02353
7yeo,ptm_model_5,1,000,6.2,5.4,5.3,3.94,0.76385,0.64851,0.99772,0.97485,0.99772
7yf5,ptm_model_4,1,000,19.5,19.4,19.3,17.58,0.01899,0.00863,0.01976,0.00474,0.01976
7yic,ptm_model_3,3,000,4.3,4,3.9,1.9,0.84366,0.80434,0.95081,0.92484,0.95081
7yii,ptm_model_5,2,000,4.5,4.4,4.3,2.28,0.82339,0.77978,0.76465,0.80932,0.82339
7yj6,ptm_model_2,4,000,6,4.7,4.6,5.72,0.80687,0.47838,0.99675,0.95229,0.99675
7ynw,ptm_model_3,1,000,7.8,7.4,7.2,1.69,0.61756,0.81699,0.87877,0.88446,0.88446
7yp5,ptm_model_5,2,000,7.2,7,6.8,2.75,0.65146,0.74646,0.83537,0.82668,0.83537
7yr9,ptm_model_4,1,000,9.7,9.4,9.2,7.99,0.43732,0.27329,0.03951,0.08121,0.43732
7ys8,ptm_model_5,1,000,6.1,5.4,5.3,1.76,0.76385,0.81285,0.65551,0.78481,0.81285
7ytl,ptm_model_1,4,000,25.4,25.6,50,19.02,0,0.00492,0.01811,0.00309,0.01811
7yuj,ptm_model_5,1,000,10.2,9.8,9.6,8.16,0.40172,0.26023,0.0912,0.12035,0.40172
7yxg,ptm_model_1,5,000,7,6.7,6.4,2.27,0.68389,0.78046,0.88795,0.87327,0.88795
7zb3,ptm_model_3,3,000,8.2,7.6,7.5,4.42,0.59134,0.60444,0.99914,0.98305,0.99914
7zcv,ptm_model_1,2,000,6,5.4,5.3,4.45,0.76385,0.60162,0.99675,0.96543,0.99675
7zej,ptm_model_5,1,000,6.1,6,5.9,2.38,0.72202,0.77297,0.79522,0.81988,0.81988
7zkh,ptm_model_5,2,000,8.4,7,6.8,1.81,0.65146,0.80984,0.29474,0.61335,0.80984
7zm9,ptm_model_5,1,000,7.8,6.9,6.5,2.87,0.67593,0.73744,0.94177,0.89632,0.94177
7znm,ptm_model_1,3,000,5.3,4.8,4.6,2.49,0.80687,0.76529,0.27655,0.55808,0.80687
7zs3,ptm_model_1,5,000,4.8,4.6,4.6,2.15,0.80687,0.78842,0.59287,0.74005,0.80687
7zs8,ptm_model_3,1,000,5.3,5,4.9,4.22,0.7892,0.62305,0.69459,0.67694,0.7892
8a1f,ptm_model_4,2,000,17.7,17.1,16.8,14.19,0.04606,0.0319,0.02799,0.01394,0.04606
8a21,ptm_model_2,1,000,8.4,7.8,7.7,5.4,0.57356,0.50978,0.99576,0.94949,0.99576
8a5z,ptm_model_1,5,000,6.7,6.4,6.4,2.4,0.68389,0.77158,0.99998,0.99853,0.99998
8a6v,ptm_model_1,5,000,6.7,5.9,5.8,3.15,0.7293,0.7156,0.97059,0.92191,0.97059
8a76,ptm_model_4,3,000,24.6,24.8,24.7,16.26,0.00268,0.0144,0.02156,0.00703,0.02156
8a8d,ptm_model_4,4,000,8.3,8.1,7.9,2.52,0.55558,0.76317,0.41642,0.6371,0.76317
8a8i,ptm_model_4,1,000,6,5.8,5.6,2.92,0.74349,0.73362,0.69459,0.74716,0.74716
8a90,ptm_model_5,2,000,7.6,7.2,7,2.85,0.63467,0.73896,0.99866,0.98572,0.99866
8a9n,ptm_model_3,2,000,4.8,4,3.8,2.65,0.84843,0.75382,0.99645,0.97719,0.99645
8ad7,ptm_model_5,1,000,7.6,7.1,7,4.37,0.63467,0.60912,0.74822,0.69944,0.74822
8aew,ptm_model_1,5,000,7.8,7.4,7.2,3.56,0.61756,0.68173,0.96505,0.90583,0.96505
8agq,ptm_model_3,2,000,3.5,3.4,3.4,1.72,0.86629,0.81522,0.65551,0.78659,0.86629
8ah6,ptm_model_1,1,000,18.3,17.3,16.9,50,0,0,0,0,0
8ahe,ptm_model_1,3,000,8.5,8.2,7.9,2.24,0.55558,0.78247,0.6142,0.74471,0.78247
8ahr,ptm_model_4,1,000,5.4,5.2,5.1,2.39,0.77678,0.77228,0.96192,0.92587,0.96192
8ajx,ptm_model_5,1,000,3.3,3.3,3.2,2.62,0.87454,0.756,1,0.99995,1
8avh,ptm_model_3,3,000,5.3,4.2,4,2.69,0.83878,0.75089,0.87877,0.85457,0.87877
8avk,ptm_model_4,3,000,4.7,4.3,4.1,1.91,0.83378,0.80372,0.27655,0.59551,0.83378
8awz,ptm_model_5,2,000,5.2,4.2,4.2,1.95,0.82865,0.80123,0.43824,0.68173,0.82865
8b1v,ptm_model_3,1,000,7,6.6,6.4,2.2,0.68389,0.78513,0.89652,0.88047,0.89652
8b2d,ptm_model_4,3,000,6.3,5.9,5.8,3.22,0.7293,0.70997,0.59287,0.68205,0.7293
8b31,ptm_model_2,3,000,6.3,6,5.8,2.89,0.7293,0.73592,0.99058,0.95945,0.99058
8b5e,ptm_model_4,1,000,15.2,15.1,15.1,5.6,0.08247,0.49015,0.03327,0.1312,0.49015
8b5v,ptm_model_1,4,000,8.1,8.1,7.9,1.79,0.55558,0.81105,0.69459,0.79938,0.81105
8b63,ptm_model_5,1,000,25.6,25.7,50,50,0,0,0.01811,0,0.01811
8b73,ptm_model_5,1,000,8.3,7.8,7.6,1.44,0.58248,0.83122,0.2111,0.57891,0.83122
8b80,ptm_model_2,3,000,6.3,6.3,6.2,3.06,0.69948,0.72274,0.97923,0.93614,0.97923
8bam,ptm_model_2,3,000,5.9,5.8,5.7,2.97,0.73646,0.72976,0.99998,0.99845,0.99998
8bb8,ptm_model_3,2,000,5.2,4.8,4.6,4.36,0.80687,0.61006,0.99998,0.99765,0.99998
8bbq,ptm_model_5,1,000,9.3,9.2,9.1,9.18,0.44634,0.19072,0.08407,0.09054,0.44634
8beg,ptm_model_5,1,000,18.8,18.8,18.6,7.84,0.02439,0.28514,0.03951,0.08422,0.28514
8bgw,ptm_model_5,1,000,10.2,9.7,9.6,3.28,0.40172,0.7051,0.89652,0.847,0.89652
8bhz,ptm_model_3,1,000,4.3,4.1,3.8,1.94,0.84843,0.80185,0.33311,0.62795,0.84843
8bic,ptm_model_3,2,000,6.3,6.1,5.8,2.49,0.7293,0.76529,0.99965,0.99365,0.99965
8bit,ptm_model_2,1,000,27.4,27.6,50,50,0,0,0.01811,0,0.01811
8bj1,ptm_model_3,1,000,4.6,4.6,4.4,3.14,0.81801,0.7164,0.9999,0.99615,0.9999
8bnb,ptm_model_3,1,000,6.1,4.9,4.4,2.29,0.81801,0.77911,0.07132,0.35865,0.81801
8bo8,ptm_model_4,3,000,9.4,9.3,9,4.02,0.45539,0.64131,0.90451,0.82689,0.90451
8bp5,ptm_model_4,2,000,14.9,14.4,14.2,12.75,0.11104,0.05482,0.03052,0.02126,0.11104
8brk,ptm_model_5,1,000,3.6,3.5,3.3,2.4,0.87047,0.77158,0.6142,0.73658,0.87047
8bve,ptm_model_4,1,000,9.3,8.1,8,6.44,0.54654,0.40871,0.99446,0.92513,0.99446
8bxg,ptm_model_4,2,000,17.2,16.6,9.7,14.37,0.39297,0.02978,0.78031,0.15398,0.78031
8by8,ptm_model_3,3,000,17.2,16.9,16.8,9.89,0.04606,0.15133,0.99965,0.95671,0.99965
8bz4,ptm_model_5,1,000,24.8,24.7,24.6,21.6,0.00278,0.00179,0.02156,0.00172,0.02156
8bzx,ptm_model_3,1,000,6.3,5.8,5.6,3.13,0.74349,0.7172,0.99999,0.99885,0.99999
8c05,ptm_model_5,1,000,11.2,10.8,10.5,7.68,0.32578,0.29812,0.74822,0.49231,0.74822
8c3m,ptm_model_3,1,000,9.9,9.5,9.3,5.23,0.42835,0.52645,0.86894,0.74096,0.86894
8c4l,ptm_model_3,1,000,20.3,20.1,20,17.55,0.01476,0.00873,0.02567,0.00551,0.02567
8c5p,ptm_model_3,2,000,3,2.9,2.9,2.43,0.88609,0.7695,0.99992,0.99724,0.99992
8c79,ptm_model_3,1,000,5.9,5.7,5.5,3.29,0.7504,0.70428,1,0.99997,1
8c7y,ptm_model_5,1,000,20.3,19.6,19.4,19.47,0.01832,0.00413,0.02156,0.00302,0.02156
8c9s,ptm_model_3,2,000,3.9,3.3,3.2,1.78,0.87454,0.81165,0.99278,0.97345,0.99278
8cag,ptm_model_4,2,000,5.3,3.9,3.7,2.39,0.85307,0.77228,0.46029,0.66676,0.85307
8cci,ptm_model_5,1,000,6.1,5.5,5.3,2.72,0.76385,0.74868,0.99576,0.97448,0.99576
8ccx,ptm_model_5,2,000,3.7,3.6,3.5,1.54,0.862,0.82564,0.29474,0.63014,0.862
8ci3,ptm_model_2,3,000,14.9,14.4,13.7,5.41,0.13041,0.5088,0.06037,0.18201,0.5088
8ci4,ptm_model_2,1,000,7.9,7.3,7,4.54,0.63467,0.59312,0.74822,0.68991,0.74822
8ciw,ptm_model_5,1,000,5.8,5.6,5.4,3.17,0.75719,0.714,0.99914,0.98776,0.99914
8cmx,ptm_model_3,1,000,6.5,5.1,5,3.58,0.78306,0.68002,1,0.99999,1
8crh,ptm_model_3,1,000,21.4,21.1,20.8,50,0.01106,0,0.02799,0,0.02799
8czp,ptm_model_3,1,000,7.5,7.4,7.2,4.04,0.61756,0.63951,0.99999,0.99853,0.99999
8d27,ptm_model_4,2,000,5.1,4.6,4.6,2.08,0.80687,0.79297,0.39493,0.65271,0.80687
8d88,ptm_model_4,3,000,6.2,5.7,5.6,4.66,0.74349,0.5817,0.99995,0.99589,0.99995
8d8p,ptm_model_4,2,000,27.1,27.4,27.3,21.48,0.00104,0.00188,0.01976,0.00169,0.01976
8dax,ptm_model_5,1,000,19.6,19.3,50,15.55,0,0.01895,0.01811,0.0077,0.01895
8dcl,ptm_model_3,3,000,5.6,3.7,3.5,1.94,0.862,0.80185,0.88795,0.88262,0.88795
8dek,ptm_model_5,1,000,17.7,16.7,50,19.12,0,0.00473,0.01811,0.00301,0.01811
8dh7,ptm_model_1,5,000,6.2,6.1,6,3.22,0.71462,0.70997,0.99981,0.9945,0.99981
8dhk,ptm_model_5,1,000,16.8,16.6,16.5,14.48,0.05112,0.02856,0.02799,0.01293,0.05112
8dkd,ptm_model_3,1,000,9.1,8.6,8.3,5.3,0.51924,0.51959,0.6142,0.56496,0.6142
8dkp,ptm_model_4,2,000,12,11.3,11.2,9.34,0.27224,0.18121,0.13549,0.11303,0.27224
8dlc,ptm_model_2,2,000,16.9,16.9,16.6,10.3,0.04938,0.13179,0.01976,0.0316,0.13179
8dmg,ptm_model_5,1,000,23.7,23.3,23.2,17.31,0.00463,0.00958,0.13549,0.01525,0.13549
8dom,ptm_model_3,3,000,5.4,5.2,4.9,3.42,0.7892,0.69354,1,0.9993,1
8dos,ptm_model_5,1,000,18.8,18.7,18.5,50,0.02528,0,0.02353,0,0.02528
8dq7,ptm_model_3,1,000,5.5,5.4,5.3,2.24,0.76385,0.78247,0.69459,0.77961,0.78247
8dq9,ptm_model_3,1,000,8.1,7.7,7.3,2.65,0.60889,0.75382,0.94177,0.90161,0.94177
8dqo,ptm_model_3,1,000,15.9,15.5,15.3,15.91,0.07711,0.01649,0.03627,0.01026,0.07711
8du5,ptm_model_4,2,000,8.2,7.4,7.3,3.26,0.60889,0.70673,0.18293,0.4355,0.70673
8e7y,ptm_model_1,3,000,3.7,3.6,3.5,1.92,0.862,0.8031,0.69459,0.7938,0.862
8e8p,ptm_model_1,5,000,8,4.8,4.7,4.14,0.80111,0.6304,0.50479,0.58106,0.80111
8ea6,ptm_model_1,3,000,7.4,6.1,5.9,4.75,0.72202,0.57307,0.07132,0.22586,0.72202
8eb3,ptm_model_4,3,000,5.8,5.1,5,2.23,0.78306,0.78314,0.37383,0.63254,0.78314
8edi,ptm_model_4,1,000,14.9,13.7,13.4,4.74,0.14336,0.57403,0.08407,0.24365,0.57403
8eei,ptm_model_3,3,000,5.8,5.3,5.2,2.11,0.77038,0.79103,0.80936,0.83687,0.83687
8egk,ptm_model_3,1,000,7.5,5.7,5.5,4.2,0.7504,0.6249,0.98403,0.9261,0.98403
8egn,ptm_model_3,1,000,8.4,7.7,7.5,5.58,0.59134,0.49211,0.11592,0.23827,0.59134
8egy,ptm_model_2,4,000,5.6,5.2,5.1,2.55,0.77678,0.76104,0.93118,0.89523,0.93118
8eni,ptm_model_3,1,000,8.6,8.3,8,3.18,0.54654,0.7132,0.25907,0.50068,0.7132
8ewu,ptm_model_5,2,000,7.1,6.5,6.3,1.88,0.69174,0.80557,0.87877,0.87923,0.87923
8eym,ptm_model_3,1,000,4.7,4.3,4.2,3.94,0.82865,0.64851,0.99339,0.95601,0.99339
8f4n,ptm_model_3,1,000,17.7,17.5,17.4,8.47,0.03732,0.23749,0.99493,0.88344,0.99493
8f8o,ptm_model_3,1,000,9.1,8.7,8.7,3.36,0.4827,0.69852,0.99675,0.97386,0.99675
8fet,ptm_model_5,1,000,22,21.5,50,19.57,0,0.00397,0.01811,0.00267,0.01811
8fj8,ptm_model_3,2,000,4.5,4.5,4.4,2.51,0.81801,0.76388,0.89652,0.87157,0.89652
8fk2,ptm_model_5,1,000,4.5,4,4,3.92,0.83878,0.6503,0.22633,0.42815,0.83878
8ftr,ptm_model_3,2,000,5.7,5.5,5.5,2.49,0.7504,0.76529,0.99997,0.99826,0.99997
8fx3,ptm_model_2,2,000,6.3,4.5,4.3,3.7,0.82339,0.66968,0.69459,0.70625,0.82339
8g1h,ptm_model_3,2,000,5,4.4,4.2,2.78,0.82865,0.74422,0.99278,0.96569,0.99278
8g48,ptm_model_4,1,000,15.8,15.8,15.7,10.61,0,0,0,0,0
8ghc,ptm_model_5,2,000,25.1,25.1,25.1,20.1,0.00232,0.00322,0.02799,0.00295,0.02799
8gjz,ptm_model_4,1,000,5.6,4.7,4.5,3.05,0.81251,0.72352,0.79522,0.79221,0.81251
8glr,ptm_model_5,2,000,3.8,3.8,3.7,2.67,0.85307,0.75236,0.9984,0.98502,0.9984
8gmk,ptm_model_4,2,000,6.8,6.1,6,4.07,0.71462,0.63679,1,0.99973,1
8gpv,ptm_model_5,2,000,10.8,10.4,10.4,2.9,0.33386,0.73515,0.13549,0.41169,0.73515
8gpw,ptm_model_4,1,000,25.5,25.9,26,14.12,0.00167,0.03276,0.99703,0.6943,0.99703
8gr8,ptm_model_3,3,000,5.3,5.2,5.1,2.33,0.77678,0.77639,1,0.99989,1
8gsk,ptm_model_5,1,000,4.6,4.5,4.3,3.77,0.82339,0.66357,0.99211,0.9538,0.99211
8gtu,ptm_model_4,1,000,13.6,12.9,12.7,9.42,0.17774,0.17659,0.05551,0.0684,0.17774
8guh,ptm_model_3,2,000,4.8,4.4,4.4,3.97,0.81801,0.64582,0.99994,0.99623,0.99994
8gvl,ptm_model_5,1,000,21.8,21.7,50,50,0,0,0,0,0
8gy0,ptm_model_4,1,000,7,6.9,6.8,1.64,0.65146,0.81991,0.24232,0.58947,0.81991
8gyc,ptm_model_2,2,000,23,23,50,15.52,0,0.01917,0.01811,0.00776,0.01917
8gyg,ptm_model_4,1,000,5,4.5,4.4,3.32,0.81801,0.70182,0.99826,0.9814,0.99826
8gyh,ptm_model_3,2,000,6,5.4,5.3,3.17,0.76385,0.714,0.99645,0.97391,0.99645
8gz4,ptm_model_5,2,000,6.1,5.6,5.2,2.72,0.77038,0.74868,0.48251,0.65802,0.77038
8h1f,ptm_model_3,1,000,5.5,5,5,2.26,0.78306,0.78113,0.74822,0.80261,0.80261
8h1k,ptm_model_5,1,000,6.8,6.3,6.2,1.68,0.69948,0.81758,0.46029,0.7071,0.81758
8h28,ptm_model_3,1,000,3.8,3.7,3.4,2.81,0.86629,0.74198,0.24232,0.51309,0.86629
8h3t,ptm_model_5,1,000,6.6,6.3,6.2,2.58,0.69948,0.75889,0.99999,0.999,0.99999
8har,ptm_model_1,5,000,6.1,6.1,6,2.39,0.71462,0.77228,1,0.99956,1
8he6,ptm_model_3,3,000,3.7,3.5,3.5,2.57,0.862,0.7596,0.73106,0.78117,0.862
8hg9,ptm_model_5,1,000,22.6,22.4,22.3,50,0,0,0,0,0
8hgv,ptm_model_3,1,000,6,5.4,5.4,1.81,0.75719,0.80984,0.3532,0.64703,0.80984
8hjw,ptm_model_3,2,000,17.7,17.3,17.2,12.81,0.04004,0.05361,0.99278,0.66482,0.99278
8hjx,ptm_model_4,2,000,3.8,3.2,3,2.09,0.88234,0.79233,0.98537,0.95829,0.98537
8hn2,ptm_model_3,1,000,5.9,4.8,4.7,9.32,0.80111,0.18238,0.08407,0.08754,0.80111
8hnu,ptm_model_3,1,000,11.9,11.7,11.5,5.85,0.25106,0.46565,1,0.99846,1
8ho2,ptm_model_3,4,000,5.9,5.4,5.4,2.89,0.75719,0.73592,0.3532,0.57941,0.75719
8ho9,ptm_model_4,4,000,8.9,8.8,8.6,4.69,0.49183,0.57883,0.99975,0.99066,0.99975
8hpi,ptm_model_4,2,000,6.2,5.8,5.6,3.73,0.74349,0.66707,0.41642,0.5604,0.74349
8ht4,ptm_model_3,2,000,4.2,3.8,3.8,2.69,0.84843,0.75089,1,0.99973,1
8hvq,ptm_model_5,1,000,8.1,8.1,8,8.36,0.54654,0.2454,0.10709,0.12503,0.54654
8hx8,ptm_model_5,1,000,17.5,16.9,16.8,12.87,0.04606,0.05243,0.99922,0.8669,0.99922
8hxs,ptm_model_4,1,000,5.8,5.1,4.6,2.79,0.80687,0.74348,0.29474,0.55039,0.80687
8hy9,ptm_model_3,1,000,6,5.5,5.3,3.94,0.76385,0.64851,0.65551,0.67203,0.76385
8hyi,ptm_model_5,1,000,8.1,7.5,7.3,8.32,0.60889,0.24832,0.05101,0.08559,0.60889
8hz2,ptm_model_5,2,000,10.8,10.8,10.7,2.04,0.30992,0.79554,0.18293,0.5158,0.79554
8i0j,ptm_model_4,1,000,13.5,13,12.8,7.12,0,0,0,0,0
8i1w,ptm_model_1,5,000,8.8,8.3,7.9,2.52,0.55558,0.76317,0.97923,0.94417,0.97923
8i29,ptm_model_3,1,000,4.8,4.7,4.6,2.15,0.80687,0.78842,0.92524,0.90051,0.92524
8i70,ptm_model_3,2,000,13.2,12.4,12.2,11.28,0.20605,0.09363,0.31361,0.11973,0.31361
8i9i,ptm_model_4,4,000,27.5,27.5,27.5,20.43,0.00096,0.00283,0.01976,0.00223,0.01976
8ikz,ptm_model_2,4,000,7,6.6,6.4,3.73,0.68389,0.66707,0.9999,0.9955,0.9999
8ilj,ptm_model_5,1,000,4.2,4.2,4.1,1.75,0.83378,0.81344,0.25907,0.59409,0.83378
8ilk,ptm_model_5,1,000,7.8,6.7,6.4,3.8,0.68389,0.66094,0.08407,0.29231,0.68389
8ioi,ptm_model_5,1,000,6.5,5.3,5.1,3.91,0.77678,0.65119,0.48251,0.58413,0.77678
8iw2,ptm_model_3,1,000,7.3,7.1,6.9,1.72,0.64311,0.81522,0.78031,0.83779,0.83779
8iwg,ptm_model_1,4,000,7.2,7,6.8,1.56,0.65146,0.8245,0.39493,0.6832,0.8245
8iye,ptm_model_5,1,000,7.7,6.9,6.8,2.45,0.65146,0.7681,0.97059,0.93424,0.97059
8iyi,ptm_model_5,1,000,4.3,4,4,2.08,0.83878,0.79297,0.97303,0.94266,0.97303
8izc,ptm_model_5,1,000,9.4,9.2,9,6.51,0,0,0,0,0
8j6w,ptm_model_3,2,000,7.7,5.9,5.7,2.19,0.73646,0.78579,0.89652,0.88075,0.89652
8j79,ptm_model_5,1,000,16.5,15.7,15.6,3.7,0.06965,0.66968,0.98773,0.94295,0.98773
8ja2,ptm_model_4,4,000,28.7,28.6,50,23,0,0.00103,0.01811,0.00108,0.01811
8jba,ptm_model_4,3,000,12.1,10.7,10.1,7.25,0.35868,0.33461,0.06037,0.12032,0.35868
8je4,ptm_model_5,1,000,24.6,24.5,24.4,50,0.00299,0,0.02353,0,0.02353
8jhh,ptm_model_5,1,000,25.4,25.4,25.3,25.55,0,0,0,0,0
8jnx,ptm_model_3,1,000,26.1,25.9,25.1,25.71,0,0,0,0,0
8jpz,ptm_model_5,1,000,9.2,9.1,9,4.05,0.45539,0.6386,0.05101,0.22453,0.6386
8jqk,ptm_model_3,4,000,26.6,26.5,26.4,22.01,0.00144,0.00153,0.03951,0.00216,0.03951
8jqp,ptm_model_3,1,000,6.9,6.3,6.1,2.14,0.70711,0.78908,0.57118,0.73119,0.78908
8k3b,ptm_model_2,4,000,14.6,13.5,4.4,4.97,0.81801,0.55181,0.98256,0.9069,0.98256
8k55,ptm_model_1,5,000,7.7,7,6.8,2.53,0.65146,0.76246,0.76465,0.7989,0.7989
8k71,ptm_model_1,5,000,9.7,9.5,9.2,2.86,0.43732,0.7382,0.93118,0.88728,0.93118
8k76,ptm_model_4,3,000,5,4.6,4.6,1.92,0.80687,0.8031,0.78031,0.83047,0.83047
8k7b,ptm_model_3,2,000,11.5,11,10.7,6.42,0.30992,0.41061,1,0.99846,1
8k7d,ptm_model_4,2,000,6.2,5.7,5.5,2.18,0.7504,0.78645,0.39493,0.64669,0.78645
8oed,ptm_model_4,3,000,6.9,6.8,6.6,3.51,0.66787,0.68597,1,0.99946,1
8ohx,ptm_model_1,3,000,8.3,7.8,7.6,3.07,0.58248,0.72195,0.79522,0.79134,0.79522
8oku,ptm_model_1,2,000,26.2,26.1,26,22.58,0.00167,0.00122,0.03052,0.00161,0.03052
8ora,ptm_model_4,4,000,6,5.6,5.6,3.86,0.74349,0.65564,1,0.99996,1
8oro,ptm_model_5,1,000,9.9,9.6,9.4,9.94,0.41942,0.14883,0.05101,0.05747,0.41942
8oxg,ptm_model_5,1,000,21.7,21.4,21.3,16.08,0.00923,0.01544,0.02156,0.00737,0.02156
8p4g,ptm_model_5,1,000,20.4,20.2,20.1,13.79,0.01424,0.03712,0.02567,0.01476,0.03712
8p6f,ptm_model_4,2,000,8.2,8,7.8,5.12,0.56459,0.5372,0.95482,0.84639,0.95482
8p84,ptm_model_4,3,000,5.9,5.6,5.6,2.44,0.74349,0.7688,0.82274,0.83146,0.83146
8pbr,ptm_model_4,1,000,7.3,6.8,6.6,1.99,0.66787,0.79872,0.46029,0.68984,0.79872
8pm1,ptm_model_3,1,000,5.5,4.7,4.6,3.1,0.80687,0.71958,0.14627,0.41055,0.80687
8pny,ptm_model_3,2,000,4.3,4.1,3.9,2.18,0.84366,0.78645,0.99493,0.97561,0.99493
8pvm,ptm_model_4,1,000,16.9,16.5,16.4,11.09,0.05292,0.10016,0.05551,0.04508,0.10016
8px9,ptm_model_4,1,000,11.3,10,10,7.68,0.36713,0.29812,1,0.9986,1
8pz5,ptm_model_1,5,000,7.8,7.3,7,4.28,0.63467,0.6175,1,0.99903,1
8q0t,ptm_model_1,1,000,12.2,10.8,10.7,10.91,0.30992,0.10671,0.03951,0.03923,0.30992
8q6u,ptm_model_2,4,000,6,5.5,5.2,2.45,0.77038,0.7681,0.46029,0.66323,0.77038
8q70,ptm_model_1,5,000,7.1,6.7,6.4,2.89,0.68389,0.73592,0.95851,0.9125,0.95851
8q8b,ptm_model_3,1,000,3.5,3.3,3.2,1.88,0.87454,0.80557,0.73106,0.81076,0.87454
8qcj,ptm_model_5,1,000,5.7,5.7,5.5,2.53,0.7504,0.76246,0.99995,0.99766,0.99995
8qf8,ptm_model_5,1,000,22.5,24.5,27.5,22.52,0,0,0,0,0
8qff,ptm_model_3,1,000,6.9,6.4,6.3,4.25,0.69174,0.62028,0.99978,0.99206,0.99978
8qmf,ptm_model_3,2,000,5.4,5.1,5,3.33,0.78306,0.701,0.99999,0.99913,0.99999
8r5b,ptm_model_1,1,000,19.9,19.7,19.4,13.53,0.01832,0.04095,0.0912,0.03201,0.0912
8rmw,ptm_model_3,1,000,4.4,3.9,3.8,2.59,0.84843,0.75817,1,1,1
8s9m,ptm_model_1,5,000,7.4,6.1,5.9,3.37,0.72202,0.69769,0.98403,0.93978,0.98403
8s9w,ptm_model_5,3,000,4.9,4,3.8,1.87,0.84843,0.80619,0.89652,0.88935,0.89652
8sbh,ptm_model_5,1,000,5.4,4.8,4.5,2.41,0.81251,0.77089,0.29474,0.57511,0.81251
8scd,ptm_model_5,2,000,6.9,5.3,5.2,2.11,0.77038,0.79103,0.57118,0.73275,0.79103
8sky,ptm_model_3,1,000,5.3,4.6,4.4,2.45,0.81801,0.7681,0.69459,0.76992,0.81801
8snz,ptm_model_1,5,000,24.6,24.4,24.3,18.34,0.0031,0.00642,0.03627,0.00542,0.03627
8sua,ptm_model_1,4,000,7.9,6.6,6.5,3.89,0.67593,0.65297,0.59287,0.64245,0.67593
8t6u,ptm_model_3,2,000,12,11.3,11.3,5.73,0.26506,0.4774,0.59287,0.52483,0.59287
8ta2,ptm_model_2,2,000,9.8,8,8,6.06,0.54654,0.4452,0.76465,0.60966,0.76465
8u99,ptm_model_3,2,000,4.7,4.4,4.4,3.01,0.81801,0.72666,0.99728,0.97826,0.99728
8ucf,ptm_model_5,2,000,8.2,7.9,7.7,2.73,0.57356,0.74794,0.99339,0.96767,0.99339
8ug1,ptm_model_5,3,000,8.4,8.1,7.9,2.21,0.55558,0.78447,0.91884,0.89462,0.91884
8ujy,ptm_model_3,2,000,23,22.6,22.5,17.16,0.00597,0.01016,0.03627,0.0074,0.03627
8uub,ptm_model_4,3,000,6.2,6,5.8,2.42,0.7293,0.7702,0.99395,0.9715,0.99395
8v4h,ptm_model_2,3,000,7.7,7.1,6.9,1.85,0.64311,0.80741,0.86894,0.87488,0.87488
8vda,ptm_model_3,1,000,4,3.8,3.8,2.68,0.84843,0.75163,0.92524,0.88723,0.92524
8vrx,ptm_model_3,1,000,5.9,5.8,5.5,3.91,0.7504,0.65119,0.98877,0.94255,0.98877
8wa8,ptm_model_3,2,000,5.2,5,4.8,3.57,0.79522,0.68088,0.99992,0.99608,0.99992
8wbr,ptm_model_3,1,000,4.7,4.3,4,1.79,0.83878,0.81105,0.2111,0.5562,0.83878
8wgp,ptm_model_3,1,000,7.8,7.3,7.2,6.13,0.61756,0.43842,0.16997,0.25604,0.61756
8wkj,ptm_model_1,5,000,6.2,6,5.9,4.01,0.72202,0.64222,0.99958,0.98959,0.99958
8wq9,ptm_model_4,1,000,6.9,6.8,6.6,4.53,0.66787,0.59406,0.86894,0.77488,0.86894
8wr2,ptm_model_3,4,000,5.9,5.6,5.3,3.08,0.76385,0.72116,0.96505,0.91611,0.96505
8wu3,ptm_model_3,1,000,27.9,27.9,27.9,26.11,0,0,0,0,0
8x1f,ptm_model_1,5,000,5.4,4.9,4.8,2.52,0.79522,0.76317,0.98256,0.94904,0.98256
8x34,ptm_model_5,1,000,10.3,10.2,10.1,8.42,0.35868,0.24106,0.05551,0.0873,0.35868
8x6v,ptm_model_4,1,000,19.7,19.6,19.6,50,0.01705,0,0.02567,0,0.02567
8xha,ptm_model_3,1,000,5,4.8,4.7,4.44,0.80111,0.60256,0.99999,0.99837,0.99999
8xi7,ptm_model_4,3,000,22.9,23.1,50,15.12,0,0.02236,0.01811,0.00862,0.02236
8xj4,ptm_model_2,4,000,5.8,5.6,5.4,2.12,0.75719,0.79038,0.82274,0.84299,0.84299
8xkg,ptm_model_5,1,000,6.2,5.2,5,2.44,0.78306,0.7688,0.99138,0.96548,0.99138
8xs0,ptm_model_5,1,000,14.8,12.6,11.9,3.1,0.22457,0.71958,0.78031,0.78192,0.78192
8ye5,ptm_model_1,1,000,26.2,26,26,50,0.00167,0,0.02156,0,0.02156
8yk5,ptm_model_5,1,000,16,15.9,15.8,3.39,0.06506,0.69603,0.07745,0.30493,0.69603
9axg,ptm_model_2,1,000,17.7,17,16.6,13.41,0.04938,0.04284,0.02156,0.01482,0.04938
6wqb,ptm_model_5,1,000,21.8,21.7,21.5,50,0,0,0,0,0
6zbs,ptm_model_5,1,000,23.1,22.9,22.7,18.72,0.00555,0.00553,0.02156,0.00368,0.02156
7b3a,ptm_model_4,1,000,18.7,18.6,18.5,16.4,0,0,0,0,0
7bll,ptm_model_3,1,000,26.6,26.3,26.3,25.17,0,0,0,0,0
7d6l,ptm_model_4,1,000,17.2,16.9,16.6,50,0.04938,0,0.02353,0,0.04938
7dik,ptm_model_5,1,000,17.6,17.1,17,50,0.04295,0,0.01976,0,0.04295
7dw7,ptm_model_3,1,000,25.1,25.1,25.1,24.92,0,0,0,0,0
7e2b,ptm_model_3,1,000,22.9,22.9,50,50,0,0,0.01811,0,0.01811
7e3f,ptm_model_4,1,000,9.5,8.9,8.7,6.7,0.4827,0.38428,0.06037,0.13659,0.4827
7e3z,ptm_model_2,1,000,15.7,15,14.8,8.92,0.09116,0.20698,0.02353,0.04921,0.20698
7e5j,ptm_model_1,2,000,26.7,26.7,26.7,22.23,0.00129,0.0014,0.02567,0.0016,0.02567
7ecq,ptm_model_1,1,000,13.3,13.1,12.9,5.96,0.16731,0.45492,0.07132,0.17482,0.45492
7ee2,ptm_model_4,1,000,15.9,15.7,15.6,11.62,0.06965,0.0829,0.03327,0.02981,0.0829
7eet,ptm_model_3,3,000,22.5,22.4,22.3,17.36,0.00642,0.0094,0.04304,0.00772,0.04304
7ejg,ptm_model_3,4,000,24.5,24.6,50,17.93,0,0.00753,0.01811,0.00412,0.01811
7eo3,ptm_model_5,1,000,17.1,16.9,16.8,15.87,0.04606,0.01675,0.03052,0.00943,0.04606
7epw,ptm_model_5,1,000,20,19.5,19.2,16.71,0.01968,0.0121,0.03327,0.00793,0.03327
7esa,ptm_model_3,1,000,15,14.5,14.3,9.56,0.10748,0.16874,0.03951,0.05513,0.16874
7eul,ptm_model_1,1,000,18.9,18.7,18.6,13.13,0.02439,0.04758,0.03627,0.02117,0.04758
7f5i,ptm_model_4,1,000,10.9,9,8.9,7.08,0.46447,0.34964,0.07745,0.14187,0.46447
7f6u,ptm_model_1,1,000,19.7,19.7,19.7,17.44,0.01645,0.00911,0.01976,0.00491,0.01976
7fbg,ptm_model_3,1,000,18.8,18.5,18.3,15.3,0,0,0,0,0
7fcc,ptm_model_2,1,000,8.2,7.9,7.7,5.44,0.57356,0.50585,0.05551,0.17381,0.57356
7fev,ptm_model_4,4,000,27.5,27.8,50,19.89,0,0.0035,0.01811,0.00246,0.01811
7fgz,ptm_model_5,2,000,18.9,18.7,18.5,14.03,0.02528,0.03389,0.02156,0.01261,0.03389
7fi0,ptm_model_3,1,000,22.5,22.6,22.5,18.6,0.00597,0.0058,0.03951,0.00531,0.03951
7gqs,ptm_model_1,1,000,27,26.9,26.9,22.33,0,0,0,0,0
7kyd,ptm_model_4,1,000,22.9,22.5,20.6,15.41,0.01189,0.02,0.02353,0.00922,0.02353
7l6j,ptm_model_4,3,000,4.2,3.6,3.5,2.31,0.862,0.77775,0.67535,0.76793,0.862
7mks,ptm_model_5,1,000,10.5,9.9,9.7,6.64,0.39297,0.38987,0.07132,0.15037,0.39297
7ml5,ptm_model_4,5,000,28.2,28.1,28.1,25.63,0.00077,0.00037,0.03951,0.00083,0.03951
7mxk,ptm_model_4,2,000,11,10.2,9.8,3.67,0.38428,0.67228,0.15776,0.38598,0.67228
7n4p,ptm_model_4,1,000,14.3,13.7,13.6,11.22,0.13461,0.09565,0.04687,0.03977,0.13461
7nde,ptm_model_3,1,000,5.6,5.1,4.9,6.11,0.7892,0.44036,0.24232,0.30568,0.7892
7nek,ptm_model_5,1,000,25.4,25.5,50,50,0,0,0.01811,0,0.01811
7nqg,ptm_model_5,1,000,22.8,22.6,22.6,50,0.00576,0,0.02353,0,0.02353
7nu0,ptm_model_3,1,000,27.3,27.5,27.4,26.57,0,0,0,0,0
7o3u,ptm_model_4,1,000,7.5,6.8,6.7,8.57,0.65971,0.23045,0.06563,0.09193,0.65971
7oas,ptm_model_3,1,000,13.1,11.8,11.6,6.49,0.24425,0.40397,0.03052,0.10211,0.40397
7obm,ptm_model_5,1,000,23.8,23.3,23.2,12.61,0.00463,0.05774,0.01976,0.0174,0.05774
7olb,ptm_model_3,5,000,26.9,26.9,26.8,22.78,0.00125,0.00113,0.05101,0.00204,0.05101
7oo5,ptm_model_3,1,000,22,22,21.8,16.46,0.0077,0.01333,0.02353,0.007,0.02353
7oqd,ptm_model_4,1,000,10.9,10.4,10.1,3.21,0.35868,0.71078,0.07745,0.31511,0.71078
7or2,ptm_model_1,3,000,25.7,25.7,25.6,21.52,0.00193,0.00185,0.03327,0.00224,0.03327
7oso,ptm_model_5,1,000,7,6.9,6.7,2.06,0.65971,0.79426,0.54922,0.72584,0.79426
7ouj,ptm_model_3,2,000,25.1,24.9,24.8,20.09,0.00258,0.00324,0.03951,0.00359,0.03951
7ov3,ptm_model_4,3,000,7.3,6.6,6.4,4.61,0.68389,0.58647,0.13549,0.30805,0.68389
7oys,ptm_model_3,5,000,26.4,26.4,26.4,23.84,0.00144,0.00074,0.03627,0.00127,0.03627
7p0k,ptm_model_4,1,000,26.8,27,50,16.59,0,0.01267,0.01811,0.00586,0.01811
7p12,ptm_model_1,1,000,26.9,26.8,50,50,0,0,0,0,0
7p1q,ptm_model_4,5,000,28.7,28.7,28.7,21.14,0.00062,0.00215,0.05101,0.00314,0.05101
7p5t,ptm_model_1,1,000,25.5,25.5,24.4,19.39,0.00299,0.00426,0.01976,0.00294,0.01976
7p6i,ptm_model_3,1,000,24.2,24.2,24.1,19.95,0,0,0,0,0
7pb9,ptm_model_4,2,000,7.4,6.6,6.4,5.92,0.68389,0.45882,0.25907,0.32696,0.68389
7pjj,ptm_model_3,1,000,26.1,26.1,26.1,25.91,0,0,0,0,0
7pl2,ptm_model_5,2,000,20.8,20.5,20.3,15.6,0.01325,0.01859,0.04304,0.01224,0.04304
7pq1,ptm_model_4,2,000,20,19.7,19.6,17.61,0.01705,0.00853,0.02156,0.00493,0.02156
7pq8,ptm_model_5,1,000,21.4,20.9,20.8,16.75,0.01106,0.01191,0.03052,0.00748,0.03052
7pqi,ptm_model_3,2,000,17.6,17.1,50,16.62,0,0.01253,0.01811,0.00581,0.01811
7puj,ptm_model_3,1,000,25.8,25.8,25.8,22.56,0,0,0,0,0
7pup,ptm_model_4,3,000,26.9,26.5,26.5,22.69,0.00139,0.00117,0.02567,0.00142,0.02567
7pvp,ptm_model_5,1,000,21.4,21.3,21.2,50,0.00957,0,0.01976,0,0.01976
7pw1,ptm_model_5,1,000,23.8,23.7,23.7,50,0.00386,0,0.01976,0,0.01976
7pz3,ptm_model_4,1,000,6.9,6.8,6.6,4.1,0.66787,0.63406,0.07745,0.26664,0.66787
7q1w,ptm_model_5,1,000,28,27.2,27.1,27.88,0,0,0,0,0
7q6g,ptm_model_3,2,000,8.6,8.2,7.9,3.96,0.55558,0.64672,0.33311,0.4973,0.64672
7q71,ptm_model_2,2,000,8.2,6.8,6.7,3.86,0.65971,0.65564,0.2111,0.42026,0.65971
7qf8,ptm_model_4,3,000,27.4,27.5,50,23.49,0,0.00085,0.01811,0.00095,0.01811
7qjn,ptm_model_5,1,000,13.5,12.7,12.4,4.37,0.19434,0.60912,0.07745,0.25291,0.60912
7qpl,ptm_model_1,1,000,14.7,14.6,14.6,8.04,0.0974,0.2694,0.05551,0.09565,0.2694
7qrw,ptm_model_3,1,000,25.8,25.7,25.6,20.91,0,0,0,0,0
7qsr,ptm_model_3,1,000,27.6,27.5,27.1,27.39,0,0,0,0,0
7qty,ptm_model_5,1,000,15,14.7,14.5,13.2,0.10067,0.04635,0.02799,0.01804,0.10067
7r25,ptm_model_2,1,000,12,11.3,11.1,9.02,0.27954,0.20061,0.04304,0.06597,0.27954
7rb4,ptm_model_1,1,000,28.9,28.9,50,22.42,0,0.0013,0.01811,0.00126,0.01811
7rdf,ptm_model_5,1,000,23,23,22.9,50,0,0,0,0,0
7riz,ptm_model_4,3,000,5.5,5.2,5,3.57,0.78306,0.68088,0.94647,0.88289,0.94647
7rl2,ptm_model_4,1,000,17.8,17.5,50,11.57,0,0.08441,0.01811,0.02174,0.08441
7rom,ptm_model_3,2,000,16.1,15.7,15.4,10.44,0.07454,0.12563,0.03627,0.0422,0.12563
7rp8,ptm_model_5,1,000,19.2,18.9,18.7,17.51,0.02354,0.00887,0.02567,0.00557,0.02567
7rst,ptm_model_5,1,000,9.6,8.4,50,13.8,0,0.03698,0.01811,0.01217,0.03698
7rtx,ptm_model_5,1,000,13.9,13.6,13.1,11.9,0.15736,0.07491,0.08407,0.04625,0.15736
7rzm,ptm_model_3,1,000,8.2,7.9,7.6,4.44,0.58248,0.60256,0.65551,0.64225,0.65551
7s6f,ptm_model_3,4,000,26.4,26.6,50,19.19,0,0.0046,0.01811,0.00295,0.01811
7sgg,ptm_model_5,1,000,26.1,25.6,25.6,25.32,0,0,0,0,0
7siq,ptm_model_5,1,000,25.9,25.2,25.1,50,0.00232,0,0.02353,0,0.02353
7slv,ptm_model_5,1,000,20.5,20.2,20,50,0.01476,0,0.02156,0,0.02156
7spr,ptm_model_4,4,000,25.5,25.8,50,18.69,0,0.0056,0.01811,0.00337,0.01811
7tef,ptm_model_4,5,000,28.7,28.8,28.7,24.07,0.00062,0.00068,0.02353,0.00094,0.02353
7tfq,ptm_model_4,1,000,10.1,9.9,9.7,7.42,0.39297,0.31991,0.08407,0.13686,0.39297
7tlx,ptm_model_5,1,000,23.6,23.4,50,50,0,0,0.01811,0,0.01811
7tm4,ptm_model_3,1,000,23.1,23.1,23,17.06,0.00498,0.01056,0.02567,0.00627,0.02567
7tpu,ptm_model_5,1,000,26.1,26,50,50,0,0,0.01811,0,0.01811
7ty1,ptm_model_2,1,000,7.7,7.4,7.2,4.99,0.61756,0.54987,0.06037,0.19914,0.61756
7u9d,ptm_model_5,1,000,19.8,19.5,19.2,50,0,0,0,0,0
7udp,ptm_model_3,1,000,27.1,27.5,50,23.55,0,0,0,0,0
7ufp,ptm_model_1,5,000,28,28.1,27.8,22.98,0.00086,0.00104,0.02567,0.00132,0.02567
7uk8,ptm_model_5,1,000,21.5,21.4,50,15.16,0,0.02201,0.01811,0.00853,0.02201
7ukb,ptm_model_1,2,000,22.6,22.5,22.4,16.87,0.00619,0.01137,0.03052,0.00725,0.03052
7uno,ptm_model_4,1,000,21,20.2,20.1,14.92,0.01424,0.02414,0.02353,0.01048,0.02414
7uof,ptm_model_1,3,000,25.1,25.1,25,19.81,0.0024,0.00361,0.02567,0.00304,0.02567
7upv,ptm_model_3,2,000,12,10.1,10,6.23,0.36713,0.42878,0.24232,0.29898,0.42878
7v51,ptm_model_3,1,000,27.3,27.4,27.4,27.22,0,0,0,0,0
7vc7,ptm_model_3,1,000,26.5,26.5,26.5,26.24,0,0,0,0,0
7vcj,ptm_model_3,2,000,25.7,25.6,25.6,19.07,0.00193,0.00482,0.02799,0.00388,0.02799
7vep,ptm_model_2,1,000,15,14.3,14.1,4.03,0.1147,0.64041,0.06563,0.25169,0.64041
7ver,ptm_model_4,5,000,28.1,28.1,28.1,24.13,0.00077,0.00066,0.03951,0.00124,0.03951
7vfr,ptm_model_3,2,000,25.1,25,25,19.85,0.0024,0.00356,0.03327,0.00347,0.03327
7vgm,ptm_model_4,2,000,27.3,27.4,27.4,22.19,0.001,0.00142,0.01976,0.0014,0.01976
7vkf,ptm_model_5,1,000,22.5,22.4,20.3,50,0.01325,0,0.01976,0,0.01976
7vqv,ptm_model_5,1,000,19.9,18.9,18.8,50,0.02271,0,0.02156,0,0.02271
7vsl,ptm_model_3,1,000,5.5,4.9,4.9,1.94,0.7892,0.80185,0.22633,0.5583,0.80185
7vud,ptm_model_5,1,000,25.5,25.4,50,50,0,0,0,0,0
7w12,ptm_model_5,1,000,13.6,13.1,12.8,5.49,0.17246,0.50095,0.03627,0.14027,0.50095
7w1b,ptm_model_4,1,000,22.5,21.5,21.5,18.59,0.00858,0.00582,0.02353,0.004,0.02353
7w1i,ptm_model_1,4,000,24.9,24.9,24.8,20,0.00258,0.00335,0.03627,0.0035,0.03627
7w3w,ptm_model_5,2,000,8.7,8.7,8.7,2.13,0.4827,0.78973,0.27655,0.58142,0.78973
7w8f,ptm_model_4,2,000,10.1,10,9.9,1.89,0.37567,0.80496,0.05101,0.3389,0.80496
7wab,ptm_model_3,1,000,26.8,26.8,26.8,26.5,0,0,0,0,0
7wao,ptm_model_3,4,000,26,25.9,25.9,21.37,0.00173,0.00196,0.02567,0.00201,0.02567
7wax,ptm_model_2,1,000,15,16.2,16.2,14.75,0,0,0,0,0
7wbo,ptm_model_2,4,000,5,4.6,4.5,2.8,0.81251,0.74273,0.57118,0.69553,0.81251
7wdu,ptm_model_5,1,000,26.6,26.1,24.6,28.18,0,0,0,0,0
7wf6,ptm_model_4,1,000,13.8,12.8,12.7,13.8,0.17774,0.03698,0.06037,0.02362,0.17774
7wpi,ptm_model_3,3,000,24.4,24.3,24.3,22.42,0.0031,0.0013,0.02567,0.00153,0.02567
7wwc,ptm_model_5,1,000,21.5,21.5,21.4,50,0.0089,0,0.02567,0,0.02567
7wz5,ptm_model_1,1,000,11.8,10.8,10.7,7.17,0.30992,0.34164,0.09886,0.15722,0.34164
7xbt,ptm_model_5,1,000,12.7,12.1,11.9,9.69,0.22457,0.1617,0.03627,0.05099,0.22457
7xhz,ptm_model_2,2,000,10.5,10.2,50,12.79,0,0.05401,0.01811,0.01584,0.05401
7xks,ptm_model_3,2,000,24.4,24.5,24.4,21,0.00299,0.00227,0.02156,0.00202,0.02156
7xq4,ptm_model_5,1,000,22.9,22.7,50,50,0,0,0,0,0
7y1x,ptm_model_3,1,000,25.6,25.5,25.5,25.38,0,0,0,0,0
7y54,ptm_model_5,3,000,4.7,3.5,3.4,1.99,0.86629,0.79872,0.31361,0.61349,0.86629
7y5r,ptm_model_5,1,000,21.7,21.5,21.3,50,0.00923,0,0.02156,0,0.02156
7yk9,ptm_model_4,2,000,21.8,21.8,21.7,17.06,0.00798,0.01056,0.02799,0.00658,0.02799
7yke,ptm_model_3,1,000,26.9,26.8,26.8,26.77,0,0,0,0,0
7yko,ptm_model_3,3,000,23.8,23.9,23.7,18.53,0.00386,0.00596,0.03627,0.00516,0.03627
7yl8,ptm_model_1,1,000,6.3,6.3,6.1,3.58,0.70711,0.68002,0.03951,0.22102,0.70711
7ylr,ptm_model_5,2,000,24.2,24,22.9,22.71,0.00516,0.00116,0.01976,0.00122,0.01976
7ymb,ptm_model_4,1,000,8.8,7.8,7.7,4.56,0.57356,0.59122,0.39493,0.49377,0.59122
7ypl,ptm_model_4,1,000,10,8.8,8.6,8.14,0.49183,0.26174,0.07132,0.10637,0.49183
7yqm,ptm_model_5,2,000,26.3,26.3,26.2,24.91,0.00155,0.00049,0.01976,0.00068,0.01976
7ytf,ptm_model_5,1,000,20,19.7,10.1,17.84,0.35868,0.0078,0.11592,0.01207,0.35868
7yws,ptm_model_3,1,000,25.1,25.1,25.1,24.99,0,0,0,0,0
7yzs,ptm_model_4,1,000,9.1,8.9,8.7,7.27,0.4827,0.33286,0.15776,0.19523,0.4827
7z1j,ptm_model_5,1,000,24,23.7,23.6,50,0,0,0,0,0
7z67,ptm_model_3,1,000,13.3,12.8,12.7,3.01,0.17774,0.72666,0.07745,0.32663,0.72666
7zc2,ptm_model_1,1,000,19.5,20.8,20.8,19.23,0,0,0,0,0
7zgm,ptm_model_5,1,000,26.1,26.1,26.1,25.77,0,0,0,0,0
7zhn,ptm_model_3,3,000,25.5,25.3,25.2,21.35,0.00223,0.00198,0.02156,0.00184,0.02156
7znp,ptm_model_5,1,000,24.8,24.8,50,50,0,0,0.01811,0,0.01811
7znz,ptm_model_3,1,000,26.5,26.5,26.5,26.34,0,0,0,0,0
7zpt,ptm_model_4,1,000,9.7,8.7,8.5,2.31,0.50097,0.77775,0.39493,0.6388,0.77775
7zya,ptm_model_5,1,000,11.7,11.6,11.3,10.15,0.26506,0.13868,0.07132,0.06538,0.26506
8a5f,ptm_model_4,3,000,26.2,26.4,50,17.71,0,0.0082,0.01811,0.00436,0.01811
8agf,ptm_model_4,3,000,23.8,23.7,23.6,17.59,0.004,0.00859,0.02156,0.00496,0.02156
8ajp,ptm_model_3,3,000,23.4,24,50,20.37,0,0.0029,0.01811,0.00216,0.01811
8akp,ptm_model_5,1,000,7.9,7.5,7.4,3.52,0.60015,0.68513,0.07132,0.28771,0.68513
8ate,ptm_model_5,1,000,24.5,24.5,50,50,0,0,0,0,0
8axj,ptm_model_4,1,000,7.3,5.6,5.5,3.85,0.7504,0.65652,0.09886,0.30981,0.7504
8azb,ptm_model_4,1,000,24.9,25,24.9,16.8,0,0,0,0,0
8b3y,ptm_model_5,1,000,14.7,14.5,14.4,17.12,0,0,0,0,0
8b4u,ptm_model_3,2,000,4.4,4,3.9,2.09,0.84366,0.79233,0.67535,0.77814,0.84366
8b5m,ptm_model_4,1,000,26.5,26.4,50,21.82,0,0,0,0,0
8bdp,ptm_model_4,2,000,25.4,25.3,25.2,17.06,0.00223,0.01056,0.02156,0.0057,0.02156
8bjo,ptm_model_5,1,000,12.6,11.9,11.6,6.79,0.24425,0.37596,0.04304,0.11299,0.37596
8bmu,ptm_model_4,2,000,19.6,19.5,19.4,14.24,0.01832,0.0313,0.03052,0.01443,0.0313
8bp1,ptm_model_5,1,000,19.1,18.8,18.6,11.44,0.02439,0.08844,0.03627,0.03271,0.08844
8bqc,ptm_model_5,1,000,5.3,5,4.9,2,0.7892,0.79808,0.10709,0.43449,0.79808
8bvo,ptm_model_2,1,000,27.2,27.2,27.1,50,0.00112,0,0.01976,0,0.01976
8bw6,ptm_model_2,1,000,21.9,21.9,21.6,50,0.00828,0,0.02353,0,0.02353
8bxr,ptm_model_2,2,000,25.2,25,24.9,14.58,0.00249,0.02749,0.03052,0.01321,0.03052
8bxu,ptm_model_3,1,000,5.1,5,4.8,3.47,0.79522,0.68935,0.09886,0.3317,0.79522
8by4,ptm_model_3,2,000,23.8,24.1,50,18.71,0,0.00555,0.01811,0.00335,0.01811
8byk,ptm_model_4,5,000,28.9,28.9,28.9,24.58,0.00058,0.00056,0.03052,0.00095,0.03052
8c1u,ptm_model_5,1,000,26.3,26.3,25.5,50,0.002,0,0.01976,0,0.01976
8c4y,ptm_model_3,3,000,23.1,23,23,21.67,0.00498,0.00174,0.03951,0.00237,0.03951
8c5b,ptm_model_5,1,000,18.5,12.4,12,22.74,0,0,0,0,0
8c7d,ptm_model_5,1,000,20.7,20.6,50,18.31,0,0.00649,0.01811,0.00372,0.01811
8c8u,ptm_model_2,1,000,27.5,27.7,27.7,27.38,0,0,0,0,0
8cc2,ptm_model_4,1,000,9.8,9.8,9.6,8.87,0.40172,0.21022,0.05551,0.07827,0.40172
8cgq,ptm_model_3,3,000,21.7,21.3,21.3,18.66,0.00923,0.00566,0.03327,0.00475,0.03327
8ch1,ptm_model_5,1,000,14.8,14.7,14.6,9.36,0.0974,0.18005,0.08407,0.0867,0.18005
8ci9,ptm_model_5,1,000,13.4,12,50,10.49,0,0.12349,0.01811,0.02872,0.12349
8ckn,ptm_model_4,4,000,24.7,24.8,24.8,20.52,0.00258,0.00274,0.01976,0.00218,0.01976
8cnt,ptm_model_5,3,000,27.3,27.2,50,23.88,0,0.00073,0.01811,0.00086,0.01811
8cp7,ptm_model_5,2,000,17.3,17.1,17.1,12.62,0.04147,0.05752,0.03627,0.02416,0.05752
8cqg,ptm_model_4,2,000,23.4,23.4,23.3,17.07,0.00446,0.01052,0.03951,0.00794,0.03951
8crj,ptm_model_4,1,000,24.6,24.5,50,15.51,0,0.01924,0.01811,0.00778,0.01924
8d6g,ptm_model_5,2,000,25.8,24.8,50,20.91,0,0.00235,0.01811,0.00188,0.01811
8d8x,ptm_model_4,2,000,25.1,25.1,25,19.93,0.0024,0.00345,0.02799,0.00309,0.02799
8daj,ptm_model_3,5,000,22.1,22.1,22,15.6,0.00716,0.01859,0.02567,0.0092,0.02567
8dc1,ptm_model_3,2,000,17.1,17.1,16.9,14.4,0.04448,0.02945,0.05551,0.01929,0.05551
8ddp,ptm_model_2,2,000,23.5,23.5,20.5,15.21,0.01233,0.0216,0.01976,0.00883,0.0216
8di1,ptm_model_4,1,000,8.8,8.5,8.4,5.85,0.51011,0.46565,0.14627,0.25181,0.51011
8dj8,ptm_model_2,2,000,7.9,7.2,6.9,4.72,0.64311,0.57595,0.14627,0.31214,0.64311
8djr,ptm_model_1,3,000,5.3,5,4.9,2.07,0.7892,0.79362,0.18293,0.51382,0.79362
8dl4,ptm_model_4,2,000,26.3,26,26,22.8,0.00167,0.00112,0.01976,0.00119,0.01976
8dmf,ptm_model_2,1,000,26.5,27.3,27.7,26.16,0,0,0,0,0
8dp2,ptm_model_5,1,000,13.2,13.1,13,7.12,0.16227,0.34607,0.03627,0.09585,0.34607
8dv0,ptm_model_3,2,000,10.3,9.9,9.9,7.66,0.37567,0.29977,0.03951,0.08796,0.37567
8dvz,ptm_model_4,1,000,18.3,18.5,18.4,8.63,0.02619,0.22629,0.02353,0.05292,0.22629
8e19,ptm_model_5,1,000,21.4,21.4,21.3,50,0.00923,0,0.01976,0,0.01976
8e5i,ptm_model_3,1,000,24,24,23.9,20.07,0,0,0,0,0
8e7f,ptm_model_4,1,000,18.7,18.4,18.2,18.7,0,0,0,0,0
8efg,ptm_model_1,1,000,24.3,24.2,50,50,0,0,0,0,0
8epu,ptm_model_4,1,000,25.1,24.9,24.9,19.41,0.00249,0.00422,0.01976,0.00292,0.01976
8et6,ptm_model_5,1,000,20.2,21.7,26.8,19.67,0,0,0,0,0
8ewz,ptm_model_3,1,000,24.8,24.8,24.8,24.55,0,0,0,0,0
8f5d,ptm_model_4,1,000,23.5,23.4,23.3,16.02,0.00446,0.0158,0.05551,0.01265,0.05551
8f9y,ptm_model_1,2,000,22.1,21.8,50,17.96,0,0.00744,0.01811,0.00408,0.01811
8feb,ptm_model_3,2,000,26.3,26.3,26.2,20.72,0.00155,0.00253,0.05551,0.00368,0.05551
8fkl,ptm_model_3,3,000,21.4,21.4,21.3,18.01,0.00923,0.0073,0.18293,0.01536,0.18293
8fnx,ptm_model_3,1,000,25.5,25.4,25.4,25.21,0,0,0,0,0
8foq,ptm_model_3,1,000,8.7,7.9,7.8,5.53,0.56459,0.49702,0.07745,0.19942,0.56459
8frr,ptm_model_4,1,000,8,7.9,7.7,3.67,0.57356,0.67228,0.05551,0.25147,0.67228
8fxt,ptm_model_3,1,000,14.1,14.1,13.9,6.39,0.12234,0.41346,0.06563,0.15268,0.41346
8fz8,ptm_model_5,4,000,24.4,24.6,50,18.81,0,0.00534,0.01811,0.00326,0.01811
8g0n,ptm_model_5,1,000,18.1,17.3,17.1,10.9,0.04147,0.10709,0.02567,0.03117,0.10709
8g22,ptm_model_5,1,000,14.8,14.6,14.4,14.58,0.10403,0.02749,0.02353,0.01145,0.10403
8g6p,ptm_model_3,1,000,26.5,26.7,26.7,23.86,0,0,0,0,0
8gbe,ptm_model_1,2,000,25.6,24.5,50,21.04,0,0.00223,0.01811,0.00181,0.01811
8gc6,ptm_model_5,2,000,4.2,3.8,3.8,3.35,0.84843,0.69935,0.25907,0.48944,0.84843
8gf3,ptm_model_3,1,000,16.6,16.5,16.4,9.55,0,0,0,0,0
8gjw,ptm_model_2,5,000,28.4,28.7,50,21.26,0,0.00205,0.01811,0.00171,0.01811
8gtz,ptm_model_4,4,000,8.3,8.2,8.1,5.08,0.53746,0.54111,0.93118,0.81399,0.93118
8guu,ptm_model_4,1,000,15.2,15.1,15,9.98,0.08528,0.14685,0.02799,0.04128,0.14685
8gxd,ptm_model_3,1,000,8.1,7.8,7.8,2.43,0.56459,0.7695,0.89652,0.87392,0.89652
8h3j,ptm_model_5,1,000,7.7,7.1,6.9,4.5,0.64311,0.5969,0.09886,0.2743,0.64311
8h5s,ptm_model_5,1,000,24.9,24.7,50,50,0,0,0.01811,0,0.01811
8hea,ptm_model_5,1,000,9.1,8.8,8.7,7.47,0.4827,0.31566,0.03327,0.08433,0.4827
8hfm,ptm_model_5,1,000,22,21.9,50,50,0,0,0,0,0
8hnq,ptm_model_3,2,000,23.1,23,22.9,17.45,0.00516,0.00907,0.04304,0.00754,0.04304
8hnr,ptm_model_4,1,000,15.3,15,14.5,10.88,0.10067,0.10784,0.01976,0.02723,0.10784
8hok,ptm_model_5,1,000,26.5,26.4,50,50,0,0,0,0,0
8ht3,ptm_model_1,1,000,25,25,24.9,21.57,0.00249,0.00181,0.05551,0.00294,0.05551
8hvb,ptm_model_5,2,000,27.4,27.3,27.3,24.61,0.00104,0.00055,0.03627,0.00104,0.03627
8hw0,ptm_model_3,4,000,7.7,5.7,5.4,1.73,0.75719,0.81463,0.48251,0.71429,0.81463
8hwp,ptm_model_3,2,000,23,22.9,22.9,20.54,0.00516,0.00271,0.11592,0.00595,0.11592
8hxn,ptm_model_3,1,000,24.7,24.7,24.6,20.96,0,0,0,0,0
8hz1,ptm_model_3,1,000,3.8,3.8,3.6,1.71,0.85759,0.81582,0.29474,0.6196,0.85759
8i0a,ptm_model_3,1,000,7.4,7,6.6,2.61,0.66787,0.75672,0.6142,0.72567,0.75672
8i0e,ptm_model_4,4,000,27.1,27.2,27.2,23.86,0.00108,0.00074,0.01976,9e-04,0.01976
8i5k,ptm_model_3,5,000,27.5,27.7,27.7,22.21,9e-04,0.00141,0.02567,0.00161,0.02567
8id1,ptm_model_3,1,000,11,10.8,10.7,3.28,0.30992,0.7051,0.52706,0.64629,0.7051
8ids,ptm_model_2,1,000,27.7,27.7,27.7,23.02,0,0,0,0,0
8iku,ptm_model_3,1,000,24.6,24.6,24.6,20.13,0,0,0,0,0
8ikx,ptm_model_3,3,000,9.6,8.1,8,6.15,0.54654,0.43649,0.15776,0.24598,0.54654
8itq,ptm_model_3,1,000,8.6,7.8,7.7,6.02,0.57356,0.44909,0.08407,0.18674,0.57356
8iwf,ptm_model_1,3,000,27.4,27.4,27.4,22.5,0.001,0.00126,0.03327,0.00173,0.03327
8j6e,ptm_model_3,1,000,5.9,5.5,5.3,1.74,0.76385,0.81404,0.80936,0.84979,0.84979
8jbr,ptm_model_3,1,000,26.8,26.8,26.7,26.39,0,0,0,0,0
8jdb,ptm_model_3,1,000,5.6,5.3,5.3,3.02,0.76385,0.72587,0.99968,0.99304,0.99968
8jh9,ptm_model_3,1,000,20.2,20.1,19.9,13.21,0.0153,0.04618,0.02353,0.01637,0.04618
8jix,ptm_model_5,1,000,23.2,23.1,22.9,16.86,0.00516,0.01141,0.02353,0.0063,0.02353
8jsc,ptm_model_5,1,000,21.8,21.8,50,50,0,0,0.01811,0,0.01811
8jxz,ptm_model_5,1,000,21.2,21.1,21,20.47,0.01029,0.00279,0.01976,0.00221,0.01976
8k2k,ptm_model_5,1,000,22.1,21.7,21.6,14.38,0.00828,0.02967,0.03327,0.01459,0.03327
8ofb,ptm_model_3,1,000,27.2,27.3,27.1,26.97,0,0,0,0,0
8ose,ptm_model_4,5,000,28.5,28.5,28.5,23.18,0.00067,0.00096,0.03327,0.00144,0.03327
8oug,ptm_model_4,1,000,24.4,24.8,50,22.62,0,0.0012,0.01811,0.00119,0.01811
8ouk,ptm_model_1,1,000,17.5,15,50,12.73,0,0.05523,0.01811,0.01609,0.05523
8p8x,ptm_model_4,1,000,14.3,13.9,13.7,2.24,0.13041,0.78247,0.0912,0.3957,0.78247
8pdg,ptm_model_4,2,000,23.8,23.5,23.3,19.13,0.00446,0.00471,0.02353,0.00347,0.02353
8px5,ptm_model_1,2,000,22.5,22.5,50,18.48,0,0.00607,0.01811,0.00356,0.01811
8pyy,ptm_model_4,1,000,26.5,26.8,26.8,21.86,0.00125,0.00162,0.01976,0.00153,0.01976
8q1z,ptm_model_5,1,000,13.7,12.7,12.5,12,0.18868,0.07224,0.02567,0.02349,0.18868
8re2,ptm_model_5,1,000,14,13.8,13.7,9.88,0.13041,0.15184,0.03627,0.04861,0.15184
8sfy,ptm_model_5,1,000,16.1,15.5,50,12.47,0,0.0608,0.01811,0.01721,0.0608
8sl9,ptm_model_1,2,000,25.8,25.6,25.5,19.43,0.002,0.00419,0.05101,0.00493,0.05101
8spm,ptm_model_2,1,000,16.2,16.2,16,11.35,0.06075,0.09133,0.03627,0.03348,0.09133
8t41,ptm_model_3,1,000,24.1,24.1,24.1,23.83,0,0,0,0,0
8tbx,ptm_model_3,2,000,26.7,27,20.6,17.86,0.01189,0.00774,0.01976,0.0044,0.01976
8tfg,ptm_model_4,1,000,25.2,25.1,25,20.3,0.0024,0.00298,0.01976,0.00231,0.01976
8tjg,ptm_model_4,1,000,23.7,23.5,23.5,12.81,0.00415,0.05361,0.03327,0.02194,0.05361
8u01,ptm_model_5,1,000,26,26,26,25.89,0,0,0,0,0
8u49,ptm_model_2,1,000,27.4,27.4,27.4,27.36,0,0,0,0,0
8uc2,ptm_model_3,2,000,25.3,25.2,25.1,20.18,0.00232,0.00312,0.03951,0.00351,0.03951
8upi,ptm_model_2,1,000,22.4,22.4,22.4,19.07,0.00619,0.00482,0.02799,0.00388,0.02799
8vbz,ptm_model_4,1,000,20.5,20.6,50,15.01,0,0.02332,0.01811,0.00887,0.02332
8vpo,ptm_model_3,1,000,26.5,26.5,26.5,23.93,0,0,0,0,0
8wbu,ptm_model_3,2,000,23.9,24,23.9,21.57,0.00359,0.00181,0.02567,0.00191,0.02567
8wni,ptm_model_5,1,000,27.9,27.9,27.9,28.04,0,0,0,0,0
8woi,ptm_model_4,1,000,27.8,27.7,27.7,27.42,0,0,0,0,0
8wua,ptm_model_2,1,000,26.3,26.5,26.5,26.33,0,0,0,0,0
8y33,ptm_model_1,1,000,8.5,6.1,6.1,4.64,0.70711,0.5836,0.06563,0.22254,0.70711
9atx,ptm_model_4,2,000,23.8,23.9,50,17.19,0,0.01004,0.01811,0.005,0.01811
9av6,ptm_model_4,4,000,27.3,27.3,50,19.87,0,0.00353,0.01811,0.00247,0.01811
7b56_A,ptm_model_1,1,000,23.4,23.1,50,50,0,0,0,0,0
7e0b_A,ptm_model_5,1,000,7.8,7.8,7.6,3.73,0.58248,0.66707,0.05551,0.2485,0.66707
7e3m_A,ptm_model_5,1,000,22.1,22,22,50,0.00716,0,0.01976,0,0.01976
7egs_A,ptm_model_4,1,000,15.5,15.3,15,10.87,0.08528,0.10822,0.08407,0.05986,0.10822
7egs_B,ptm_model_4,1,000,13.2,6.5,6.1,4.6,0.70711,0.58742,0.04304,0.18523,0.70711
7ejv_A,ptm_model_4,1,000,23.4,23.5,23.4,13.87,0,0,0,0,0
7eqz_A,ptm_model_5,1,000,19.3,19.3,19.1,50,0.0204,0,0.02567,0,0.02567
7eqz_I,ptm_model_1,1,000,24.1,23.9,50,50,0,0,0,0,0
7f3s_A,ptm_model_4,1,000,6.8,6.4,6.4,4.18,0.68389,0.62674,0.09886,0.29146,0.68389
7few_B,ptm_model_1,5,000,6.3,5.2,5.1,2.49,0.77678,0.76529,0.86894,0.85515,0.86894
7g80_B,ptm_model_5,1,000,22.1,21.6,21.5,15.41,0.00858,0.02,0.04687,0.01349,0.04687
7kbn_A,ptm_model_3,4,000,23.9,24,50,15.56,0,0.01887,0.01811,0.00768,0.01887
7kbn_B,ptm_model_5,2,000,5.6,5.4,5.3,2.71,0.76385,0.74942,0.95851,0.91623,0.95851
7la5_A,ptm_model_5,1,000,20.9,20.6,20.4,19.33,0.01278,0.00436,0.02156,0.00313,0.02156
7la5_B,ptm_model_4,1,000,15.2,14.6,14.5,15.77,0.10067,0.01741,0.02799,0.00923,0.10067
7m5a_A,ptm_model_3,4,000,24.3,24.5,50,18.98,0,0.005,0.01811,0.00312,0.01811
7msr_A,ptm_model_4,1,000,14.8,14.1,14,15.36,0.11847,0.02039,0.02353,0.00934,0.11847
7msr_B,ptm_model_4,3,000,14.3,14.2,8.4,7.09,0.51011,0.34874,0.06563,0.13023,0.51011
7mx4_B,ptm_model_3,1,000,22.3,21.8,21.5,18.31,0.00858,0.00649,0.02567,0.00451,0.02567
7mxf_A,ptm_model_2,2,000,20.7,20.4,13.8,10.75,0.12632,0.11285,0.03951,0.04085,0.12632
7n95_B,ptm_model_3,1,000,5.8,5,4.5,2.31,0.81251,0.77775,0.11592,0.42621,0.81251
7na9_A,ptm_model_4,5,000,28.6,28.9,50,22.26,0,0.00138,0.01811,0.00131,0.01811
7oju_A,ptm_model_3,2,000,9.5,8.5,7.9,5.92,0.55558,0.45882,0.03951,0.13255,0.55558
7pa5_A,ptm_model_3,2,000,25,25,24.9,20.83,0.00249,0.00242,0.02353,0.00221,0.02353
7pg6_A,ptm_model_3,1,000,26.8,26.6,26.6,26.73,0,0,0,0,0
7pg6_B,ptm_model_5,1,000,23.7,23.3,20.4,50,0.01278,0,0.02156,0,0.02156
7pq0_A,ptm_model_1,1,000,29.5,29.6,50,50,0,0,0,0,0
7pq0_B,ptm_model_5,2,000,27,27.3,50,16.72,0,0.01205,0.01811,0.00566,0.01811
7prt_A,ptm_model_4,1,000,22.3,22.2,22.1,15.42,0.00691,0.01992,0.03327,0.01112,0.03327
7pul_A,ptm_model_5,1,000,18.6,18.4,18.3,50,0.02714,0,0.02567,0,0.02714
7q50_A,ptm_model_2,1,000,8.1,8,7.5,5.32,0.59134,0.51763,0.08407,0.2165,0.59134
7q5x_A,ptm_model_5,1,000,11.3,10.3,10.2,13.01,0.35031,0.04976,0.03327,0.02083,0.35031
7qaa_A,ptm_model_3,1,000,8.9,4.9,4.8,2.66,0.79522,0.75309,0.19663,0.48687,0.79522
7qaa_B,ptm_model_1,2,000,8.7,8.2,8,5.11,0.54654,0.53818,0.16997,0.31069,0.54654
7qk4_A,ptm_model_5,1,000,13.7,13.5,13.3,8.6,0.14791,0.22836,0.03951,0.06995,0.22836
7r2t_A,ptm_model_4,1,000,20.1,19.9,19.7,12.57,0.01645,0.0586,0.02567,0.02027,0.0586
7r8w_A,ptm_model_4,1,000,16.5,15.9,15.5,9.09,0.07206,0.19623,0.01976,0.043,0.19623
7rg8_B,ptm_model_1,1,000,17.9,10.7,9.3,11.55,0,0,0,0,0
7tgf_A,ptm_model_4,2,000,8.8,8.3,8.2,8.07,0.52836,0.26709,0.07132,0.10814,0.52836
7u0l_A,ptm_model_4,2,000,15.4,15.3,14.9,2.82,0.08818,0.74122,0.18293,0.4643,0.74122
7u0l_B,ptm_model_4,1,000,14.3,14.3,13.8,8.32,0.12632,0.24832,0.19663,0.17516,0.24832
7u2p_A,ptm_model_3,1,000,25.3,25.2,25.1,24.17,0,0,0,0,0
7upm_A,ptm_model_1,1,000,22.6,22.4,22.2,12.13,0.00666,0.06889,0.03627,0.02741,0.06889
7v4y_B,ptm_model_5,1,000,6,5.6,5.5,4.36,0.7504,0.61006,0.98403,0.92315,0.98403
7v8f_B,ptm_model_5,1,000,10.6,8.2,8,5.49,0.54654,0.50095,0.05551,0.17191,0.54654
7vlj_A,ptm_model_5,1,000,19.7,19.2,19.1,16.03,0,0,0,0,0
7vlj_B,ptm_model_5,2,000,17.9,13.3,12.4,15.14,0.19434,0.02218,0.02353,0.00989,0.19434
7vpw_A,ptm_model_4,1,000,26.3,26.3,26.3,26.07,0,0,0,0,0
7wfc_A,ptm_model_1,1,000,23.9,23.4,23.3,14.78,0.00446,0.02547,0.03951,0.01446,0.03951
7wqw_A,ptm_model_3,5,000,27.9,27.9,27.6,24.65,0.00093,0.00054,0.01976,0.00073,0.01976
7wqw_B,ptm_model_4,1,000,14.8,14.7,14.5,9.01,0.10067,0.20124,0.03052,0.05518,0.20124
7wrs_A,ptm_model_4,2,000,26.1,26.1,50,19.64,0,0.00386,0.01811,0.00262,0.01811
7wrs_B,ptm_model_5,1,000,27.5,27.3,50,19.55,0,0.004,0.01811,0.00269,0.01811
7x14_A,ptm_model_3,1,000,6.7,5.9,5.4,2.06,0.75719,0.79426,0.06563,0.36156,0.79426
7xdd_A,ptm_model_4,2,000,22,22.6,26.2,17.91,0.00155,0.00759,0.02567,0.00501,0.02567
7xey_A,ptm_model_4,2,000,24,24,50,14.46,0,0.02878,0.01811,0.01024,0.02878
7xky_A,ptm_model_3,2,000,4.5,3.8,3.7,2.51,0.85307,0.76388,0.9999,0.99674,0.9999
7xky_B,ptm_model_4,1,000,11.8,11.5,11.4,7.65,0.258,0.30059,0.04304,0.09212,0.30059
7xvk_A,ptm_model_2,2,000,17.8,17.1,17.1,10.04,0.04147,0.14392,0.04687,0.05356,0.14392
7xvk_B,ptm_model_4,1,000,17.5,16.6,16.5,16.48,0.05112,0.01323,0.03052,0.00803,0.05112
7xyq_A,ptm_model_4,1,000,14.1,13.6,13.3,7.76,0.14791,0.29159,0.06037,0.10676,0.29159
7xyq_B,ptm_model_3,1,000,8.9,8,7.7,3.25,0.57356,0.70754,0.05551,0.27295,0.70754
7ycj_A,ptm_model_5,1,000,23.3,23.1,23.1,16.88,0.0048,0.01133,0.05101,0.00964,0.05101
7ycj_B,ptm_model_2,1,000,21,11.5,8.2,13.13,0.52836,0.04758,0.39493,0.09183,0.52836
7yco_A,ptm_model_3,1,000,18.8,18.2,17.9,12.34,0.03128,0.06378,0.02799,0.02255,0.06378
7yco_B,ptm_model_5,1,000,14.7,14.7,14.5,12.84,0.10067,0.05302,0.02156,0.01719,0.10067
7yls_A,ptm_model_5,1,000,5.3,4.7,4.3,1.96,0.82339,0.8006,0.19663,0.5331,0.82339
7yls_B,ptm_model_4,1,000,11.8,11.8,11.5,4.69,0.25106,0.57883,0.65551,0.62692,0.65551
7yxp_A,ptm_model_2,2,000,12.2,12,11.8,7.71,0.231,0.29566,0.03627,0.08316,0.29566
7z72_A,ptm_model_3,1,000,23,22.7,50,50,0,0,0,0,0
7z72_B,ptm_model_1,1,000,25.1,25.1,50,50,0,0,0,0,0
7zcl_A,ptm_model_3,2,000,5.4,5.1,4.9,2.44,0.7892,0.7688,0.6351,0.74382,0.7892
7zcm_A,ptm_model_1,2,000,10.3,9,9,4.29,0.45539,0.61658,0.15776,0.34791,0.61658
7zcm_B,ptm_model_1,1,000,6,3.9,3.9,4.49,0.84366,0.59785,0.33311,0.46233,0.84366
7zms_A,ptm_model_4,3,000,26.2,26.1,26,19.12,0.00167,0.00473,0.03052,0.00401,0.03052
7zpy_A,ptm_model_5,1,000,19.9,19,50,17.62,0,0.00849,0.01811,0.00447,0.01811
8a5l_A,ptm_model_1,1,000,17.4,17,16.8,10.83,0.04606,0.10975,0.07745,0.05778,0.10975
8ahy_B,ptm_model_3,1,000,23.4,23.2,50,21.65,0,0.00176,0.01811,0.00154,0.01811
8alk_A,ptm_model_1,1,000,28.5,28.5,50,50,0,0,0.01811,0,0.01811
8als_A,ptm_model_3,1,000,4.1,4,3.9,1.91,0.84366,0.80372,0.29474,0.60706,0.84366
8are_A,ptm_model_5,1,000,22,21.9,50,50,0,0,0.01811,0,0.01811
8b5s_B,ptm_model_3,1,000,26.5,26.7,26.6,50,0.00134,0,0.01976,0,0.01976
8bc8_J,ptm_model_3,1,000,20,19.4,19.1,13.09,0.0204,0.0483,0.02799,0.01857,0.0483
8bj8_A,ptm_model_3,2,000,26.4,27,50,21.9,0,0.00159,0.01811,0.00144,0.01811
8bj8_B,ptm_model_1,1,000,17,16.1,10.1,50,0.35868,0,0.02156,0,0.35868
8bos_G,ptm_model_5,1,000,16.2,15.5,15.4,17.85,0.07454,0.00777,0.02156,0.00463,0.07454
8bos_R,ptm_model_4,4,000,24.5,24.9,50,20.59,0,0.00266,0.01811,0.00204,0.01811
8bql_A,ptm_model_3,1,000,25.4,25.2,25.2,25.11,0,0,0,0,0
8brq_A,ptm_model_2,2,000,21.1,21.9,50,18.9,0,0.00516,0.01811,0.00319,0.01811
8brq_B,ptm_model_5,1,000,21.5,21.4,21.3,19.63,0,0,0,0,0
8bv7_A,ptm_model_4,2,000,17.4,17,16.5,11.31,0.05112,0.09264,0.03951,0.03543,0.09264
8byp_N,ptm_model_5,1,000,27.1,27.5,50,21.73,0,0.0017,0.01811,0.00151,0.01811
8byp_X,ptm_model_1,1,000,27.9,28.1,50,26.21,0,0,0,0,0
8c12_AAA,ptm_model_3,2,000,25.6,25.8,25.6,20.72,0.00193,0.00253,0.01976,0.00207,0.01976
8c47_A,ptm_model_4,1,000,23.4,23.2,23.1,20.56,0.0048,0.00269,0.02799,0.00262,0.02799
8c47_B,ptm_model_3,1,000,12.9,11.9,11.7,12.71,0.23756,0.05564,0.03627,0.0236,0.23756
8c5h_S,ptm_model_5,1,000,18.6,18.4,50,11.63,0,0.0826,0.01811,0.0214,0.0826
8cb6_A,ptm_model_3,1,000,26.1,26.1,26.1,25.95,0,0,0,0,0
8cb6_F,ptm_model_3,2,000,18.1,16.8,50,15.73,0,0.01768,0.01811,0.00734,0.01811
8cnc_A,ptm_model_4,1,000,10.1,9.8,9.7,6.85,0.39297,0.37044,0.08407,0.15567,0.39297
8cnc_B,ptm_model_4,1,000,13,11.1,10.9,11.64,0.29451,0.08231,0.03052,0.02831,0.29451
8cyi_A,ptm_model_4,2,000,10.3,9.7,9.5,3.34,0.41054,0.70017,0.67535,0.71591,0.71591
8cyi_B,ptm_model_3,1,000,12.8,12.1,11.9,10.58,0.22457,0.11971,0.02567,0.03383,0.22457
8d7u_B,ptm_model_4,1,000,14.2,12.8,12.6,9.6,0.18315,0.16655,0.04687,0.05978,0.18315
8dkt_A,ptm_model_3,4,000,12.4,9.7,9.7,6.84,0.39297,0.37136,0.22633,0.25699,0.39297
8dle_A,ptm_model_2,4,000,5,4.7,4.6,3.88,0.80687,0.65386,0.99989,0.99509,0.99989
8dle_B,ptm_model_2,1,000,25.7,25.5,50,50,0,0,0,0,0
8egw_A,ptm_model_4,1,000,11.2,10.3,10.1,5.84,0.35868,0.46663,0.14627,0.25231,0.46663
8egx_A,ptm_model_5,2,000,19.7,19.4,19.2,9.92,0.01968,0.14983,0.24232,0.13847,0.24232
8ejm_A,ptm_model_2,1,000,26.9,27.4,27.4,26.91,0,0,0,0,0
8ejm_B,ptm_model_4,1,000,20.9,13.1,12.9,50,0,0,0,0,0
8enf_A,ptm_model_1,2,000,9,8,7.7,4.82,0.57356,0.56633,0.6351,0.60742,0.6351
8enf_B,ptm_model_1,2,000,15.7,11.8,11.7,10.16,0.23756,0.13821,0.02799,0.03944,0.23756
8exw_A,ptm_model_2,1,000,27.5,27.6,27.7,27.45,0,0,0,0,0
8exw_B,ptm_model_1,3,000,24.1,24.1,22.9,19.36,0.00516,0.00431,0.01976,0.00296,0.01976
8f8m_A,ptm_model_5,1,000,8.5,7.6,7.4,4.89,0.60015,0.55957,0.31361,0.42434,0.60015
8far_A,ptm_model_1,2,000,18.2,17.5,17.5,7.98,0.03603,0.27407,0.03327,0.07448,0.27407
8far_B,ptm_model_3,1,000,5.4,4.7,4.7,1.9,0.80111,0.80434,0.25907,0.58449,0.80434
8fss_A,ptm_model_4,2,000,19.1,19,18.9,15.01,0.02191,0.02332,0.05101,0.0157,0.05101
8g0m_A,ptm_model_1,3,000,27.1,27,26.9,20.97,0.0012,0.00229,0.02567,0.00224,0.02567
8g0m_B,ptm_model_3,1,000,6.8,6.3,6,1.56,0.71462,0.8245,0.43824,0.70368,0.8245
8gcb_A,ptm_model_4,1,000,13,12.4,12.3,10.62,0.20013,0.11807,0.03052,0.03675,0.20013
8gcb_B,ptm_model_4,1,000,14.3,13.6,13.4,12.47,0.14336,0.0608,0.02353,0.01984,0.14336
8gcn_A,ptm_model_2,1,000,27.4,27.6,27.6,27.47,0,0,0,0,0
8gcn_B,ptm_model_2,3,000,12.9,9,9,13.44,0.45539,0.04236,0.01976,0.01402,0.45539
8gcw_A,ptm_model_3,4,000,27,27.7,50,19,0,0.00496,0.01811,0.0031,0.01811
8grh_A,ptm_model_5,1,000,6.8,6.1,5.9,2.48,0.72202,0.766,0.98403,0.9518,0.98403
8gtg_A,ptm_model_5,3,000,20.5,18.2,18.2,17.47,0.02812,0.009,0.01976,0.00487,0.02812
8gtg_B,ptm_model_3,5,000,25.5,25.5,25.4,21.12,0.00208,0.00216,0.04304,0.00287,0.04304
8gxe_A,ptm_model_4,1,000,17.4,16.9,16.8,14.76,0.04606,0.02566,0.03052,0.0126,0.04606
8gxe_B,ptm_model_5,1,000,21.3,21.3,20.9,50,0.01067,0,0.02353,0,0.02353
8gzx_A,ptm_model_3,2,000,11,10.7,10.4,6,0.33386,0.45103,0.27655,0.33294,0.45103
8gzx_B,ptm_model_1,1,000,8.8,6.9,6.3,3.48,0.69174,0.68851,0.04304,0.23413,0.69174
8h1i_A,ptm_model_4,1,000,22.6,23.5,19.1,15.85,0.0204,0.01688,0.01976,0.00746,0.0204
8h1i_B,ptm_model_3,1,000,24,23.7,50,50,0,0,0,0,0
8h62_B,ptm_model_3,2,000,6.7,6.7,6.6,3.2,0.66787,0.71159,0.18293,0.43941,0.71159
8h63_A,ptm_model_2,1,000,25.3,25.3,50,50,0,0,0,0,0
8hly_A,ptm_model_2,1,000,15.8,14.8,14.7,9.99,0.09424,0.14636,0.03627,0.04728,0.14636
8hmx_A,ptm_model_4,1,000,20.9,20.8,20.7,16.28,0.01147,0.01429,0.06563,0.013,0.06563
8hqt_A,ptm_model_3,3,000,26,25.9,25.9,20.28,0.00173,0.003,0.05101,0.00394,0.05101
8i5w_A,ptm_model_4,1,000,21.7,21.5,21.2,11.23,0.00957,0.09531,0.02567,0.02864,0.09531
8ijv_B,ptm_model_5,1,000,17.4,15.3,14.3,7.89,0.10748,0.28115,0.01976,0.05813,0.28115
8ips_A,ptm_model_3,1,000,11.1,10.8,10.5,7.49,0.32578,0.31396,0.99898,0.95899,0.99898
8ips_B,ptm_model_3,1,000,12.5,12.1,12,8.19,0.21827,0.25797,0.96794,0.74789,0.96794
8jca_A,ptm_model_4,3,000,23.4,23.5,50,17.14,0,0.01024,0.01811,0.00507,0.01811
8jca_B,ptm_model_5,1,000,12,10.9,10.8,11.59,0.30216,0.0838,0.03627,0.03148,0.30216
8jhz_B,ptm_model_4,1,000,17.5,16,15.8,11.47,0.06506,0.08749,0.02799,0.02822,0.08749
8jle_A,ptm_model_1,1,000,15.8,14.5,14.5,11.84,0.10067,0.07656,0.16997,0.07065,0.16997
8jlg_B,ptm_model_1,3,000,28.5,28.4,50,21.18,0,0.00211,0.01811,0.00175,0.01811
8k1l_A,ptm_model_2,1,000,26.2,26,25.8,26.03,0,0,0,0,0
8ogi_A,ptm_model_2,3,000,10.7,10.2,50,7.05,0,0.35232,0.01811,0.06842,0.35232
8ogi_B,ptm_model_4,3,000,24.8,25,25,19.87,0.0024,0.00353,0.02567,0.00299,0.02567
8oiz_A,ptm_model_2,1,000,26.9,26.7,26.2,26.68,0,0,0,0,0
8ozc_A,ptm_model_5,2,000,27.8,28.1,50,12.69,0,0.05605,0.01811,0.01626,0.05605
8ozc_B,ptm_model_1,2,000,14.5,12.5,12.2,5.58,0.20605,0.49211,0.52706,0.49862,0.52706
8qci_B,ptm_model_4,1,000,14.6,14.3,7.5,9.2,0.59134,0.18951,0.03951,0.06031,0.59134
8qel_A,ptm_model_3,1,000,24.3,24.4,24.4,18.12,0.00299,0.00699,0.02156,0.00431,0.02156
8qel_B,ptm_model_5,1,000,10.3,8.4,8.3,2.37,0.51924,0.77365,0.2111,0.51808,0.77365
8st8_A,ptm_model_5,1,000,11.8,11.4,50,10.04,0,0.14392,0.01811,0.03223,0.14392
8st8_B,ptm_model_1,2,000,12,11.4,11.2,8.57,0.27224,0.23045,0.03052,0.06157,0.27224
8swi_A,ptm_model_4,1,000,16.4,16.3,50,14.31,0,0.03047,0.01811,0.01065,0.03047
8t09_A,ptm_model_3,1,000,12.8,11.7,11.6,11.62,0.24425,0.0829,0.09886,0.05437,0.24425
8v04_A,ptm_model_2,1,000,10.9,8.9,8.6,6.39,0.49183,0.41346,0.04304,0.12404,0.49183
8vsi_B,ptm_model_3,1,000,10.9,10.4,10.3,8.87,0.34204,0.21022,0.99997,0.99112,0.99997
8vx9_A,ptm_model_2,3,000,5.5,5.4,5.2,3.31,0.77038,0.70264,0.83537,0.80442,0.83537
8vx9_B,ptm_model_3,1,000,26.3,26.2,26.2,26.13,0,0,0,0,0
8w6x_L,ptm_model_2,1,000,18.4,17.8,17.7,19.83,0,0,0,0,0
8w6x_S,ptm_model_4,1,000,6.1,5.8,5.7,3.7,0.73646,0.66968,0.08407,0.29781,0.73646
8wqi_D,ptm_model_4,2,000,26.7,26.7,26.7,24.04,0.00129,0.00069,0.05101,0.00146,0.05101
